<?xml version = '1.0' encoding = 'UTF-8'?>
<Relation class="oracle.dbtools.crest.model.design.logical.Relation" name="META_ATRIBUTOS" directorySegmentName="seg_0" id="21DE0D22-32CC-BB40-BF7F-5B071AC0B3C3">
<createdBy>Gabriel</createdBy>
<createdTime>2015-05-02 19:58:38 UTC</createdTime>
<generatorID>Gerado pelo usuário</generatorID>
<ownerDesignName>ACADEMIA_MODELO</ownerDesignName>
<engineerTo>
<item key="F20CE56D-E086-A2AE-A316-17F43A1A038C" value="true"/>
</engineerTo>
<sourcePk>70EE5A89-5D2B-BB7C-D81C-26B4CFE6F878</sourcePk>
<targetPk>81E2D623-318E-1D94-69F4-071658AEE483</targetPk>
<identifying>false</identifying>
<optionalSource>false</optionalSource>
<optionalTarget>false</optionalTarget>
<sourceCardinality>*</sourceCardinality>
<sourceEntity>606C272A-1CA9-56D8-9071-C68FB6FADB32</sourceEntity>
<targetCardinalityString>*</targetCardinalityString>
<targetEntity>5E7E00E2-CA32-B201-2D72-BD302A8C694E</targetEntity>
<transferable>true</transferable>
<deleteRule>NO ACTION</deleteRule>
<attributes itemClass="oracle.dbtools.crest.model.design.logical.Attribute">
<attribute name="VALOR_ALVO" id="FE2C28C7-412C-8EFA-E420-B43BB473A030">
<createdBy>Thales</createdBy>
<createdTime>2015-05-05 00:18:00 UTC</createdTime>
<generatorID>Gerado pelo usuário</generatorID>
<ownerDesignName>ACADEMIA_MODELO</ownerDesignName>
<engineerTo>
<item key="F20CE56D-E086-A2AE-A316-17F43A1A038C" value="true"/>
</engineerTo>
<useDomainConstraints>false</useDomainConstraints>
<use>1</use>
<logicalDatatype>LOGDT026</logicalDatatype>
<dataTypePrecision>8</dataTypePrecision>
<dataTypeScale>3</dataTypeScale>
</attribute>
</attributes>
</Relation>