<?xml version = '1.0' encoding = 'UTF-8'?>
<Relation class="oracle.dbtools.crest.model.design.logical.Relation" name="FRANQUIA TEM CIDADE" directorySegmentName="seg_0" id="252F08F0-5228-1A0B-3FF5-2527918BDC1B">
<createdBy>Thales</createdBy>
<createdTime>2015-04-20 19:52:47 UTC</createdTime>
<generatorID>Gerado pelo usuário</generatorID>
<ownerDesignName>ACADEMIA_MODELO</ownerDesignName>
<engineerTo>
<item key="F20CE56D-E086-A2AE-A316-17F43A1A038C" value="true"/>
</engineerTo>
<sourcePk>D9FDEB75-3F5F-0A52-2460-FBEFB7A56684</sourcePk>
<identifying>false</identifying>
<optionalSource>true</optionalSource>
<optionalTarget>false</optionalTarget>
<sourceCardinality>1</sourceCardinality>
<sourceEntity>DDDF6176-3444-934B-3632-3422F77DFE62</sourceEntity>
<targetCardinalityString>*</targetCardinalityString>
<targetEntity>3E3A17E7-991A-655B-3ADE-612FF4141CDB</targetEntity>
<transferable>true</transferable>
<deleteRule>NO ACTION</deleteRule>
</Relation>