<?xml version = '1.0' encoding = 'UTF-8'?>
<Relation class="oracle.dbtools.crest.model.design.logical.Relation" name="PESQUISA TEM PESSOA" directorySegmentName="seg_0" id="41269E22-07D1-5CFE-44A6-35F071701919">
<createdBy>Thales</createdBy>
<createdTime>2015-05-05 01:10:57 UTC</createdTime>
<generatorID>Gerado pelo usuário</generatorID>
<ownerDesignName>ACADEMIA_MODELO</ownerDesignName>
<engineerTo>
<item key="F20CE56D-E086-A2AE-A316-17F43A1A038C" value="true"/>
</engineerTo>
<sourcePk>2D726714-C832-1F52-ACBF-9BB1109CD896</sourcePk>
<identifying>false</identifying>
<optionalSource>true</optionalSource>
<optionalTarget>false</optionalTarget>
<sourceCardinality>1</sourceCardinality>
<sourceEntity>ECD02B41-A393-2101-C89A-E94A5F71F364</sourceEntity>
<targetCardinalityString>*</targetCardinalityString>
<targetEntity>DC4363BC-9430-96CF-B124-4543326F00AF</targetEntity>
<transferable>true</transferable>
<deleteRule>NO ACTION</deleteRule>
</Relation>