<?xml version = '1.0' encoding = 'UTF-8'?>
<Relation class="oracle.dbtools.crest.model.design.logical.Relation" name="PESQUISA_RESPOSTA_PERGUNTA TEM PESQUISA_PERGUNTA" directorySegmentName="seg_0" id="42B63093-715D-A182-591A-E0EBCF913E9D">
<createdBy>Thales</createdBy>
<createdTime>2015-04-22 14:06:36 UTC</createdTime>
<generatorID>Gerado pelo usuário</generatorID>
<ownerDesignName>ACADEMIA_MODELO</ownerDesignName>
<engineerTo>
<item key="F20CE56D-E086-A2AE-A316-17F43A1A038C" value="true"/>
</engineerTo>
<sourcePk>FE51DB91-B254-2F01-C353-6E74E8B160A2</sourcePk>
<identifying>false</identifying>
<optionalSource>true</optionalSource>
<optionalTarget>false</optionalTarget>
<sourceCardinality>1</sourceCardinality>
<sourceEntity>A581774E-C769-4E45-B485-958DD53D5BCE</sourceEntity>
<targetCardinalityString>*</targetCardinalityString>
<targetEntity>DC4363BC-9430-96CF-B124-4543326F00AF</targetEntity>
<transferable>true</transferable>
<deleteRule>NO ACTION</deleteRule>
</Relation>