<?xml version = '1.0' encoding = 'UTF-8'?>
<Relation class="oracle.dbtools.crest.model.design.logical.Relation" name="MATRICULA POSSUI CARTERINHAS" directorySegmentName="seg_0" id="4DA22CF1-4E36-6B24-60D4-27B9B092AB25">
<createdBy>Thales</createdBy>
<createdTime>2015-04-22 14:25:43 UTC</createdTime>
<generatorID>Gerado pelo usuário</generatorID>
<ownerDesignName>ACADEMIA_MODELO</ownerDesignName>
<engineerTo>
<item key="F20CE56D-E086-A2AE-A316-17F43A1A038C" value="true"/>
</engineerTo>
<sourcePk>1F229E91-7297-F1B4-B568-6427F3256D55</sourcePk>
<identifying>true</identifying>
<optionalSource>false</optionalSource>
<optionalTarget>false</optionalTarget>
<sourceCardinality>1</sourceCardinality>
<sourceEntity>904EF7B5-1FBD-E70A-048D-ECC6F2DF8FB4</sourceEntity>
<targetCardinalityString>*</targetCardinalityString>
<targetEntity>C6420EE0-35B4-9047-4E45-811AE6E783AF</targetEntity>
<transferable>true</transferable>
<deleteRule>NO ACTION</deleteRule>
</Relation>