<?xml version = '1.0' encoding = 'UTF-8'?>
<Relation class="oracle.dbtools.crest.model.design.logical.Relation" name="CIDADE PERTENCE AO ESTADO" directorySegmentName="seg_0" id="4E0842BA-E5C6-DF2B-F263-9607A537B850">
<createdBy>Thales</createdBy>
<createdTime>2015-04-20 19:53:04 UTC</createdTime>
<generatorID>Gerado pelo usuário</generatorID>
<ownerDesignName>ACADEMIA_MODELO</ownerDesignName>
<engineerTo>
<item key="F20CE56D-E086-A2AE-A316-17F43A1A038C" value="true"/>
</engineerTo>
<sourcePk>D63E11D5-8A4D-90DA-C6F5-9261D61592F3</sourcePk>
<identifying>false</identifying>
<optionalSource>true</optionalSource>
<optionalTarget>false</optionalTarget>
<sourceCardinality>1</sourceCardinality>
<sourceEntity>8EC63EF3-A476-C9E2-266B-812CEADF00AB</sourceEntity>
<targetCardinalityString>*</targetCardinalityString>
<targetEntity>DDDF6176-3444-934B-3632-3422F77DFE62</targetEntity>
<transferable>true</transferable>
<deleteRule>NO ACTION</deleteRule>
</Relation>