<?xml version = '1.0' encoding = 'UTF-8'?>
<Relation class="oracle.dbtools.crest.model.design.logical.Relation" name="ESTADO PERTENCE A UM PAIS" directorySegmentName="seg_0" id="4F3AB77D-60DF-2707-F269-900E9BFD8BC1">
<createdBy>Thales</createdBy>
<createdTime>2015-04-20 20:11:11 UTC</createdTime>
<generatorID>Gerado pelo usuário</generatorID>
<ownerDesignName>ACADEMIA_MODELO</ownerDesignName>
<engineerTo>
<item key="F20CE56D-E086-A2AE-A316-17F43A1A038C" value="true"/>
</engineerTo>
<sourcePk>A414BA58-DA07-F16A-6C0A-7CCEC13372CA</sourcePk>
<identifying>false</identifying>
<optionalSource>true</optionalSource>
<optionalTarget>false</optionalTarget>
<sourceCardinality>1</sourceCardinality>
<sourceEntity>3FE3386E-8D41-0F0B-0D54-61B66E914B99</sourceEntity>
<targetCardinalityString>*</targetCardinalityString>
<targetEntity>8EC63EF3-A476-C9E2-266B-812CEADF00AB</targetEntity>
<transferable>true</transferable>
<deleteRule>NO ACTION</deleteRule>
</Relation>