<?xml version = '1.0' encoding = 'UTF-8'?>
<Relation class="oracle.dbtools.crest.model.design.logical.Relation" name="PESSOA_ESPECIALIDADE" directorySegmentName="seg_0" id="60EC4890-69F6-FF75-6079-87448F511882">
<createdBy>Thales</createdBy>
<createdTime>2015-05-05 00:51:09 UTC</createdTime>
<generatorID>Gerado pelo usuário</generatorID>
<ownerDesignName>ACADEMIA_MODELO</ownerDesignName>
<engineerTo>
<item key="F20CE56D-E086-A2AE-A316-17F43A1A038C" value="true"/>
</engineerTo>
<identifying>false</identifying>
<optionalSource>true</optionalSource>
<optionalTarget>false</optionalTarget>
<sourceCardinality>*</sourceCardinality>
<sourceEntity>68097982-04AE-4A33-7FD1-C0CB20D68354</sourceEntity>
<targetCardinalityString>*</targetCardinalityString>
<targetEntity>B1361309-CF28-94C8-726F-A32BF7217A6F</targetEntity>
<transferable>true</transferable>
<deleteRule>NO ACTION</deleteRule>
</Relation>