<?xml version = '1.0' encoding = 'UTF-8'?>
<Relation class="oracle.dbtools.crest.model.design.logical.Relation" name="FRANQUIA TEM DESPESA" directorySegmentName="seg_0" id="8191D73C-9438-7AB7-DC16-BF59CD7ADF7D">
<createdBy>Thales</createdBy>
<createdTime>2015-05-04 23:33:10 UTC</createdTime>
<generatorID>Gerado pelo usuário</generatorID>
<ownerDesignName>ACADEMIA_MODELO</ownerDesignName>
<engineerTo>
<item key="F20CE56D-E086-A2AE-A316-17F43A1A038C" value="true"/>
</engineerTo>
<sourcePk>AA5B8787-9D8F-89FD-34B7-9493E7650C11</sourcePk>
<identifying>false</identifying>
<optionalSource>true</optionalSource>
<optionalTarget>false</optionalTarget>
<sourceCardinality>1</sourceCardinality>
<sourceEntity>CAF8CB3F-FBF8-33A7-1DC5-C46C91526F94</sourceEntity>
<targetCardinalityString>*</targetCardinalityString>
<targetEntity>3E3A17E7-991A-655B-3ADE-612FF4141CDB</targetEntity>
<transferable>true</transferable>
<deleteRule>NO ACTION</deleteRule>
</Relation>