<?xml version = '1.0' encoding = 'UTF-8'?>
<Relation class="oracle.dbtools.crest.model.design.logical.Relation" name="TURMA ALUNO" directorySegmentName="seg_0" id="8C6E7238-555A-1DD0-9A23-B6B3821A76E9">
<createdBy>Thales</createdBy>
<createdTime>2015-04-28 01:34:51 UTC</createdTime>
<generatorID>Gerado pelo usuário</generatorID>
<ownerDesignName>ACADEMIA_MODELO</ownerDesignName>
<engineerTo>
<item key="F20CE56D-E086-A2AE-A316-17F43A1A038C" value="true"/>
</engineerTo>
<identifying>false</identifying>
<optionalSource>true</optionalSource>
<optionalTarget>false</optionalTarget>
<sourceCardinality>*</sourceCardinality>
<sourceEntity>F5070816-FD06-3CEB-5F9B-5B9985F01566</sourceEntity>
<targetCardinalityString>*</targetCardinalityString>
<targetEntity>A8C81E6C-8A05-B58A-5A33-3C02BF5327A2</targetEntity>
<transferable>true</transferable>
<deleteRule>NO ACTION</deleteRule>
</Relation>