<?xml version = '1.0' encoding = 'UTF-8'?>
<Relation class="oracle.dbtools.crest.model.design.logical.Relation" name="EVENTO TEM EVENTO_IMAGEM" directorySegmentName="seg_0" id="8EE097C9-B23F-8ED5-D88C-AF46574B5FB9">
<createdBy>Thales</createdBy>
<createdTime>2015-04-22 17:37:32 UTC</createdTime>
<generatorID>Gerado pelo usuário</generatorID>
<ownerDesignName>ACADEMIA_MODELO</ownerDesignName>
<engineerTo>
<item key="F20CE56D-E086-A2AE-A316-17F43A1A038C" value="true"/>
</engineerTo>
<targetPk>E45A2D2A-F354-AB0D-75F8-B03CD8EBC8FF</targetPk>
<identifying>true</identifying>
<optionalSource>false</optionalSource>
<optionalTarget>false</optionalTarget>
<sourceCardinality>*</sourceCardinality>
<sourceEntity>821F4E4D-EF43-F290-DA5F-74BE47A0DFAE</sourceEntity>
<targetCardinalityString>1</targetCardinalityString>
<targetEntity>C82FEEB5-FD40-5FDC-A840-B4188DDC4DC7</targetEntity>
<transferable>true</transferable>
<deleteRule>NO ACTION</deleteRule>
</Relation>