<?xml version = '1.0' encoding = 'UTF-8'?>
<Relation class="oracle.dbtools.crest.model.design.logical.Relation" name="AVALIACAO_FISICA É FEITA POR UM FUNCIONARIO" directorySegmentName="seg_0" id="9F8A5DBB-509D-E58C-FCEB-21C9A030C0B1">
<createdBy>Gabriel</createdBy>
<createdTime>2015-05-02 19:33:15 UTC</createdTime>
<generatorID>Gerado pelo usuário</generatorID>
<ownerDesignName>ACADEMIA_MODELO</ownerDesignName>
<engineerTo>
<item key="F20CE56D-E086-A2AE-A316-17F43A1A038C" value="true"/>
</engineerTo>
<sourcePk>2D726714-C832-1F52-ACBF-9BB1109CD896</sourcePk>
<identifying>false</identifying>
<optionalSource>false</optionalSource>
<optionalTarget>false</optionalTarget>
<sourceCardinality>1</sourceCardinality>
<sourceEntity>950D9A24-CEE9-1E40-B98B-090AADCFA77D</sourceEntity>
<targetCardinalityString>*</targetCardinalityString>
<targetEntity>C1544174-59B2-A931-DDAB-2FFB7D83C8D9</targetEntity>
<transferable>true</transferable>
<deleteRule>NO ACTION</deleteRule>
</Relation>