<?xml version = '1.0' encoding = 'UTF-8'?>
<Relation class="oracle.dbtools.crest.model.design.logical.Relation" name="AVALIACAO_ATRIBUTOS PERTENCE A UM GRUPO_ATRIBUTOS" directorySegmentName="seg_0" id="D8AA6153-F69C-0EC1-D0C9-F11F13D8BF75">
<createdBy>Gabriel</createdBy>
<createdTime>2015-05-02 20:12:22 UTC</createdTime>
<generatorID>Gerado pelo usuário</generatorID>
<ownerDesignName>ACADEMIA_MODELO</ownerDesignName>
<engineerTo>
<item key="F20CE56D-E086-A2AE-A316-17F43A1A038C" value="true"/>
</engineerTo>
<sourcePk>E7D8BB48-3EA9-330B-BFED-0444A38A1AC0</sourcePk>
<identifying>false</identifying>
<optionalSource>false</optionalSource>
<optionalTarget>false</optionalTarget>
<sourceCardinality>1</sourceCardinality>
<sourceEntity>A1A95812-CD54-BBDF-9B9C-A72CBC90EFE9</sourceEntity>
<targetCardinalityString>*</targetCardinalityString>
<targetEntity>5E7E00E2-CA32-B201-2D72-BD302A8C694E</targetEntity>
<transferable>true</transferable>
<deleteRule>NO ACTION</deleteRule>
</Relation>