<?xml version = '1.0' encoding = 'UTF-8'?>
<Relation class="oracle.dbtools.crest.model.design.logical.Relation" name="FRANQUIA TEM PEDIDO_MANUTENCAO" directorySegmentName="seg_0" id="E6672A29-E897-B7E8-7579-97C95EF00716">
<createdBy>Thales</createdBy>
<createdTime>2015-04-22 19:46:47 UTC</createdTime>
<generatorID>Gerado pelo usuário</generatorID>
<ownerDesignName>ACADEMIA_MODELO</ownerDesignName>
<engineerTo>
<item key="F20CE56D-E086-A2AE-A316-17F43A1A038C" value="true"/>
</engineerTo>
<sourcePk>FBC84774-A209-8639-1AA0-C815DAE2212B</sourcePk>
<targetPk>CE7BA9C6-F983-B546-D3A6-706730800460</targetPk>
<identifying>false</identifying>
<optionalSource>true</optionalSource>
<optionalTarget>true</optionalTarget>
<sourceCardinality>1</sourceCardinality>
<sourceEntity>28BE5152-93DE-11EE-815E-A8D6DFF1F37D</sourceEntity>
<targetCardinalityString>1</targetCardinalityString>
<targetEntity>3E3A17E7-991A-655B-3ADE-612FF4141CDB</targetEntity>
<transferable>true</transferable>
<deleteRule>NO ACTION</deleteRule>
</Relation>