<?xml version = '1.0' encoding = 'UTF-8'?>
<Relation class="oracle.dbtools.crest.model.design.logical.Relation" name="FATURA GERA BOLETO" directorySegmentName="seg_0" id="FD7D16C5-E354-A0E6-D052-2A0FF4F4533F">
<createdBy>Gabriel</createdBy>
<createdTime>2015-04-25 22:41:14 UTC</createdTime>
<generatorID>Gerado pelo usuário</generatorID>
<ownerDesignName>ACADEMIA_MODELO</ownerDesignName>
<engineerTo>
<item key="F20CE56D-E086-A2AE-A316-17F43A1A038C" value="true"/>
</engineerTo>
<sourcePk>93F4C918-D677-29BD-8276-8A02484CDEEC</sourcePk>
<identifying>false</identifying>
<optionalSource>false</optionalSource>
<optionalTarget>false</optionalTarget>
<sourceCardinality>1</sourceCardinality>
<sourceEntity>6CFDC714-CD01-1961-2024-F9357EAE4658</sourceEntity>
<targetCardinalityString>*</targetCardinalityString>
<targetEntity>91CB50D5-0AFE-7A52-626F-799408925924</targetEntity>
<transferable>true</transferable>
<deleteRule>NO ACTION</deleteRule>
</Relation>