<?xml version = '1.0' encoding = 'UTF-8'?>
<FKIndexAssociation class="oracle.dbtools.crest.model.design.relational.FKIndexAssociation" directorySegmentName="seg_0" id="846879B2-2B09-B98B-B915-1F349C6ACBA1" name="AVALIACAO_FISICA_FATURA_ITEM_FK">
<createdBy>Gabriel</createdBy>
<createdTime>2015-05-06 03:25:24 UTC</createdTime>
<generatorID>B701AE72-4489-888B-9996-2085B12691BA</generatorID>
<ownerDesignName>ACADEMIA_MODELO</ownerDesignName>
<containerWithKeyObject>27331C95-E4E1-2EC4-B0B5-2575D745285A</containerWithKeyObject>
<deleteRule>NO ACTION</deleteRule>
<localFKIndex>531624EA-5588-30FE-3983-6A02CD28D3DF</localFKIndex>
<keyObject>6B31AA78-7496-B377-877D-65B8DA649365</keyObject>
<mandatory>true</mandatory>
<transferable>true</transferable>
<columnDependencyConstraintGenerateInDDL>true</columnDependencyConstraintGenerateInDDL>
</FKIndexAssociation>