<?xml version = '1.0' encoding = 'UTF-8'?>
<FKIndexAssociation class="oracle.dbtools.crest.model.design.relational.FKIndexAssociation" directorySegmentName="seg_0" id="C2A4439E-5FCC-4702-C0B2-313AF1CD61D3" name="FK_ASS_89">
<createdBy>Gabriel</createdBy>
<createdTime>2015-05-06 03:25:25 UTC</createdTime>
<generatorID>60EC4890-69F6-FF75-6079-87448F511882</generatorID>
<ownerDesignName>ACADEMIA_MODELO</ownerDesignName>
<containerWithKeyObject>0A451BA8-E990-6AB5-ED45-BC2C67596766</containerWithKeyObject>
<deleteRule>NO ACTION</deleteRule>
<localFKIndex>604549EE-4501-6687-3B01-6A59B1E1A30A</localFKIndex>
<keyObject>87F2BE72-C2C2-FAA5-6FF8-BB5E5070226F</keyObject>
<mandatory>true</mandatory>
<transferable>true</transferable>
<columnDependencyConstraintGenerateInDDL>true</columnDependencyConstraintGenerateInDDL>
</FKIndexAssociation>