<?xml version = '1.0' encoding = 'UTF-8'?>
<Diagram class="oracle.dbtools.crest.swingui.logical.DPVLogicalSubView" name="SV ATIVO e MANUTENCAO" id="B3989D66-3B96-BBBD-6C41-3C7B57950D72">
<createdBy>Gabriel</createdBy>
<createdTime>2015-05-06 02:34:39 UTC</createdTime>
<autoRoute>false</autoRoute>
<boxInbox>true</boxInbox>
<showLegend>true</showLegend>
<showLabels>false</showLabels>
<showRelAttributes>true</showRelAttributes>
<showGrid>false</showGrid>
<diagramColor>-1</diagramColor>
<display>false</display>
<notation>2</notation>
<objectViews>
<OView class="oracle.dbtools.crest.swingui.logical.TVEntity" oid="28BE5152-93DE-11EE-815E-A8D6DFF1F37D" otype="Entity" vid="5728C126-849E-16AB-B843-ECC5AF0A40B4">
<hideElementsInCurrentOnly>false</hideElementsInCurrentOnly>
<bounds x="408" y="733" width="325" height="132"/>
</OView>
<OView class="oracle.dbtools.crest.swingui.logical.TVEntity" oid="3E3A17E7-991A-655B-3ADE-612FF4141CDB" otype="Entity" vid="64B708BD-6D76-4480-B697-9DBF0159D5A5">
<hideElementsInCurrentOnly>false</hideElementsInCurrentOnly>
<bounds x="191" y="322" width="273" height="258"/>
</OView>
<OView class="oracle.dbtools.crest.swingui.logical.TVEntity" oid="3F75154B-E4A2-C5BC-2D25-A905FC4119CF" otype="Entity" vid="72A112FC-ABD0-A569-FF5F-D90FE47CAC81">
<hideElementsInCurrentOnly>false</hideElementsInCurrentOnly>
<bounds x="1116" y="354" width="261" height="120"/>
</OView>
<OView class="oracle.dbtools.crest.swingui.logical.TVEntity" oid="6312FCD0-EA2C-00E9-0FCD-A544D49F5231" otype="Entity" vid="FA43F1B1-BCA2-08A9-D682-2FB9AAB4F234">
<hideElementsInCurrentOnly>false</hideElementsInCurrentOnly>
<bounds x="649" y="350" width="289" height="230"/>
</OView>
<OView class="oracle.dbtools.crest.swingui.logical.TVEntity" oid="7D0C1797-9AEC-51A9-9D5D-5750BC621D58" otype="Entity" vid="BB0B3367-527C-D288-B3D9-C4D16CFE4B7B">
<hideElementsInCurrentOnly>false</hideElementsInCurrentOnly>
<bounds x="842" y="717" width="288" height="146"/>
</OView>
<OView class="oracle.dbtools.crest.swingui.logical.TVEntity" oid="AF19C9BA-89EC-49ED-054B-E03FC7CAE257" otype="Entity" vid="EE214769-DE13-BD09-9029-200E0C56CE66">
<hideElementsInCurrentOnly>false</hideElementsInCurrentOnly>
<bounds x="699" y="176" width="191" height="90"/>
</OView>
<OView class="oracle.dbtools.crest.swingui.logical.TVEntity" oid="E84FBFE3-D938-494B-C800-EF7120E3D1D1" otype="Entity" vid="BD225C3D-0D87-10C9-CA5B-267216B0A928">
<hideElementsInCurrentOnly>false</hideElementsInCurrentOnly>
<bounds x="1132" y="532" width="207" height="90"/>
</OView>
</objectViews>
<connectors>
<Connector class="oracle.dbtools.crest.swingui.logical.TVRelation" oid="07CFD6F7-EB35-FA02-7BF9-BFD2023A30C5" otype="Relation" vid_source="64B708BD-6D76-4480-B697-9DBF0159D5A5" vid_target="FA43F1B1-BCA2-08A9-D682-2FB9AAB4F234">
<hideElementsInCurrentOnly>false</hideElementsInCurrentOnly>
<useDefaultColor>false</useDefaultColor>
<backgroundColor>-16777216</backgroundColor>
<lineWidth>1</lineWidth>
<points>
<point x="464" y="465"/>
<point x="649" y="465"/>
</points>
</Connector>
<Connector class="oracle.dbtools.crest.swingui.logical.TVRelation" oid="23F617EB-22D6-2073-B12E-7BC260874A10" otype="Relation" vid_source="BD225C3D-0D87-10C9-CA5B-267216B0A928" vid_target="FA43F1B1-BCA2-08A9-D682-2FB9AAB4F234">
<hideElementsInCurrentOnly>false</hideElementsInCurrentOnly>
<lineWidth>1</lineWidth>
<points>
<point x="1132" y="556"/>
<point x="938" y="556"/>
</points>
</Connector>
<Connector class="oracle.dbtools.crest.swingui.logical.TVRelation" oid="2878C63E-993D-B246-B6B3-AA4D0DC628D4" otype="Relation" vid_source="FA43F1B1-BCA2-08A9-D682-2FB9AAB4F234" vid_target="72A112FC-ABD0-A569-FF5F-D90FE47CAC81">
<hideElementsInCurrentOnly>false</hideElementsInCurrentOnly>
<lineWidth>1</lineWidth>
<points>
<point x="938" y="414"/>
<point x="1116" y="414"/>
</points>
</Connector>
<Connector class="oracle.dbtools.crest.swingui.logical.TVRelation" oid="73EB64E3-9E1B-51D2-FE98-0B272063380A" otype="Relation" vid_source="5728C126-849E-16AB-B843-ECC5AF0A40B4" vid_target="BB0B3367-527C-D288-B3D9-C4D16CFE4B7B">
<hideElementsInCurrentOnly>false</hideElementsInCurrentOnly>
<lineWidth>1</lineWidth>
<points>
<point x="733" y="798"/>
<point x="842" y="798"/>
</points>
</Connector>
<Connector class="oracle.dbtools.crest.swingui.logical.TVRelation" oid="ACEDF340-AF3D-44B2-94DA-7AE897C11F61" otype="Relation" vid_source="FA43F1B1-BCA2-08A9-D682-2FB9AAB4F234" vid_target="5728C126-849E-16AB-B843-ECC5AF0A40B4">
<hideElementsInCurrentOnly>false</hideElementsInCurrentOnly>
<lineWidth>1</lineWidth>
<points>
<point x="691" y="580"/>
<point x="691" y="733"/>
</points>
</Connector>
<Connector class="oracle.dbtools.crest.swingui.logical.TVRelation" oid="DA35E7C3-6A3C-20F8-E2C8-3B5231517D92" otype="Relation" vid_source="EE214769-DE13-BD09-9029-200E0C56CE66" vid_target="FA43F1B1-BCA2-08A9-D682-2FB9AAB4F234">
<hideElementsInCurrentOnly>false</hideElementsInCurrentOnly>
<lineWidth>1</lineWidth>
<points>
<point x="794" y="266"/>
<point x="794" y="350"/>
</points>
</Connector>
<Connector class="oracle.dbtools.crest.swingui.logical.TVRelation" oid="E6672A29-E897-B7E8-7579-97C95EF00716" otype="Relation" vid_source="5728C126-849E-16AB-B843-ECC5AF0A40B4" vid_target="64B708BD-6D76-4480-B697-9DBF0159D5A5">
<hideElementsInCurrentOnly>false</hideElementsInCurrentOnly>
<lineWidth>1</lineWidth>
<points>
<point x="436" y="733"/>
<point x="436" y="580"/>
</points>
</Connector>
</connectors>
</Diagram>