<?xml version = '1.0' encoding = 'UTF-8'?>
<Relation class="oracle.dbtools.crest.model.design.logical.Relation" name="AVLIACAO FISICA É REALIZADA NA FRANQUIA" directorySegmentName="seg_0" id="05FD3D57-F034-40B8-2D84-3D3DA6729E05">
<createdBy>Thales</createdBy>
<createdTime>2015-04-22 22:06:10 UTC</createdTime>
<generatorID>Gerado pelo usuário</generatorID>
<ownerDesignName>ACADEMIA_MODELO</ownerDesignName>
<engineerTo>
<item key="F20CE56D-E086-A2AE-A316-17F43A1A038C" value="true"/>
</engineerTo>
<sourcePk>CE7BA9C6-F983-B546-D3A6-706730800460</sourcePk>
<identifying>false</identifying>
<optionalSource>false</optionalSource>
<optionalTarget>false</optionalTarget>
<sourceCardinality>1</sourceCardinality>
<sourceEntity>3E3A17E7-991A-655B-3ADE-612FF4141CDB</sourceEntity>
<targetCardinalityString>*</targetCardinalityString>
<targetEntity>C1544174-59B2-A931-DDAB-2FFB7D83C8D9</targetEntity>
<transferable>true</transferable>
<deleteRule>NO ACTION</deleteRule>
</Relation>