<?xml version = '1.0' encoding = 'UTF-8'?>
<Relation class="oracle.dbtools.crest.model.design.logical.Relation" name="ATIVO ESTA EM UMA FRANQUIA" directorySegmentName="seg_0" id="07CFD6F7-EB35-FA02-7BF9-BFD2023A30C5">
<createdBy>Thales</createdBy>
<createdTime>2015-04-22 19:34:18 UTC</createdTime>
<generatorID>Gerado pelo usuário</generatorID>
<ownerDesignName>ACADEMIA_MODELO</ownerDesignName>
<engineerTo>
<item key="F20CE56D-E086-A2AE-A316-17F43A1A038C" value="true"/>
</engineerTo>
<sourcePk>CE7BA9C6-F983-B546-D3A6-706730800460</sourcePk>
<identifying>false</identifying>
<optionalSource>true</optionalSource>
<optionalTarget>false</optionalTarget>
<sourceCardinality>1</sourceCardinality>
<sourceEntity>3E3A17E7-991A-655B-3ADE-612FF4141CDB</sourceEntity>
<targetCardinalityString>*</targetCardinalityString>
<targetEntity>6312FCD0-EA2C-00E9-0FCD-A544D49F5231</targetEntity>
<transferable>true</transferable>
<deleteRule>NO ACTION</deleteRule>
</Relation>