<?xml version = '1.0' encoding = 'UTF-8'?>
<Relation class="oracle.dbtools.crest.model.design.logical.Relation" name="PESSOA TEM TP_LOGRADORO" directorySegmentName="seg_0" id="17A1F39A-A9FF-DA33-F1D0-39B79E712628">
<createdBy>Thales</createdBy>
<createdTime>2015-04-20 20:15:34 UTC</createdTime>
<generatorID>Gerado pelo usuário</generatorID>
<ownerDesignName>ACADEMIA_MODELO</ownerDesignName>
<engineerTo>
<item key="F20CE56D-E086-A2AE-A316-17F43A1A038C" value="true"/>
</engineerTo>
<sourcePk>53654C78-EA84-ABF0-2259-A1F1BAE12405</sourcePk>
<identifying>false</identifying>
<optionalSource>false</optionalSource>
<optionalTarget>false</optionalTarget>
<sourceCardinality>1</sourceCardinality>
<sourceEntity>F4DAF9DF-5220-66DD-F546-D5E50F05EB91</sourceEntity>
<targetCardinalityString>*</targetCardinalityString>
<targetEntity>ECD02B41-A393-2101-C89A-E94A5F71F364</targetEntity>
<transferable>true</transferable>
<deleteRule>NO ACTION</deleteRule>
</Relation>