<?xml version = '1.0' encoding = 'UTF-8'?>
<Relation class="oracle.dbtools.crest.model.design.logical.Relation" name="CONTRATO_PESSOA" directorySegmentName="seg_0" id="1A21A148-FF91-BDE9-D9E9-690BF9C39B33">
<createdBy>Gabriel</createdBy>
<createdTime>2015-05-02 21:04:12 UTC</createdTime>
<generatorID>Gerado pelo usuário</generatorID>
<ownerDesignName>ACADEMIA_MODELO</ownerDesignName>
<engineerTo>
<item key="F20CE56D-E086-A2AE-A316-17F43A1A038C" value="true"/>
</engineerTo>
<identifying>false</identifying>
<optionalSource>false</optionalSource>
<optionalTarget>false</optionalTarget>
<sourceCardinality>*</sourceCardinality>
<sourceEntity>34E0326D-7241-D465-8E6A-028749A99107</sourceEntity>
<targetCardinalityString>*</targetCardinalityString>
<targetEntity>ECD02B41-A393-2101-C89A-E94A5F71F364</targetEntity>
<transferable>true</transferable>
<deleteRule>NO ACTION</deleteRule>
<attributes itemClass="oracle.dbtools.crest.model.design.logical.Attribute">
<attribute name="PCT_CONTRATO" id="761F9628-A321-6E2C-500F-DB7C29EE9146">
<createdBy>Gabriel</createdBy>
<createdTime>2015-05-02 21:04:20 UTC</createdTime>
<comment>Somando todos as PESSOAs de um CONTRATO deverá ser 100.</comment>
<generatorID>Gerado pelo usuário</generatorID>
<ownerDesignName>ACADEMIA_MODELO</ownerDesignName>
<engineerTo>
<item key="F20CE56D-E086-A2AE-A316-17F43A1A038C" value="true"/>
</engineerTo>
<useDomainConstraints>false</useDomainConstraints>
<use>1</use>
<logicalDatatype>LOGDT026</logicalDatatype>
<dataTypePrecision>5</dataTypePrecision>
<dataTypeScale>2</dataTypeScale>
</attribute>
<attribute name="IND_RESPONSAVEL" id="2BD43DE9-912E-EE12-AC33-706B401FDE93">
<createdBy>Gabriel</createdBy>
<createdTime>2015-05-02 21:07:28 UTC</createdTime>
<comment>Pessoa com responsabilidade sobre a franquia (geralmente o de maior participação)</comment>
<generatorID>Gerado pelo usuário</generatorID>
<ownerDesignName>ACADEMIA_MODELO</ownerDesignName>
<engineerTo>
<item key="F20CE56D-E086-A2AE-A316-17F43A1A038C" value="true"/>
</engineerTo>
<nullsAllowed>true</nullsAllowed>
<useDomainConstraints>false</useDomainConstraints>
<use>1</use>
<logicalDatatype>LOGDT006</logicalDatatype>
<dataTypeSize>1</dataTypeSize>
</attribute>
</attributes>
</Relation>