<?xml version = '1.0' encoding = 'UTF-8'?>
<Relation class="oracle.dbtools.crest.model.design.logical.Relation" name="ATIVO TEM TP_ATIVO" directorySegmentName="seg_0" id="23F617EB-22D6-2073-B12E-7BC260874A10">
<createdBy>Thales</createdBy>
<createdTime>2015-04-22 19:36:55 UTC</createdTime>
<generatorID>Gerado pelo usuário</generatorID>
<ownerDesignName>ACADEMIA_MODELO</ownerDesignName>
<engineerTo>
<item key="F20CE56D-E086-A2AE-A316-17F43A1A038C" value="true"/>
</engineerTo>
<sourcePk>5A53F2B5-FA4E-64CE-FD13-298F00BADCB4</sourcePk>
<identifying>false</identifying>
<optionalSource>false</optionalSource>
<optionalTarget>false</optionalTarget>
<sourceCardinality>1</sourceCardinality>
<sourceEntity>E84FBFE3-D938-494B-C800-EF7120E3D1D1</sourceEntity>
<targetCardinalityString>*</targetCardinalityString>
<targetEntity>6312FCD0-EA2C-00E9-0FCD-A544D49F5231</targetEntity>
<transferable>true</transferable>
<deleteRule>NO ACTION</deleteRule>
</Relation>