<?xml version = '1.0' encoding = 'UTF-8'?>
<Relation class="oracle.dbtools.crest.model.design.logical.Relation" name="DESPESA TEM TP_DESPESA" directorySegmentName="seg_0" id="2490EEC9-F4F8-B8E7-0564-54FBA0F252B0">
<createdBy>Thales</createdBy>
<createdTime>2015-05-04 23:32:44 UTC</createdTime>
<generatorID>Gerado pelo usuário</generatorID>
<ownerDesignName>ACADEMIA_MODELO</ownerDesignName>
<engineerTo>
<item key="F20CE56D-E086-A2AE-A316-17F43A1A038C" value="true"/>
</engineerTo>
<sourcePk>CC17EF87-6A77-28A5-232D-45B8C2C4D805</sourcePk>
<identifying>false</identifying>
<optionalSource>true</optionalSource>
<optionalTarget>false</optionalTarget>
<sourceCardinality>1</sourceCardinality>
<sourceEntity>F1E0099A-94C9-FA12-EE92-0AD2BF218D5E</sourceEntity>
<targetCardinalityString>*</targetCardinalityString>
<targetEntity>CAF8CB3F-FBF8-33A7-1DC5-C46C91526F94</targetEntity>
<transferable>true</transferable>
<deleteRule>NO ACTION</deleteRule>
</Relation>