<?xml version = '1.0' encoding = 'UTF-8'?>
<Relation class="oracle.dbtools.crest.model.design.logical.Relation" name="MENSALIDADE TEM ALUNO" directorySegmentName="seg_0" id="5464C56B-C985-2798-805D-3843FB8DDEB1">
<createdBy>Gabriel</createdBy>
<createdTime>2015-05-02 19:01:33 UTC</createdTime>
<generatorID>Gerado pelo usuário</generatorID>
<ownerDesignName>ACADEMIA_MODELO</ownerDesignName>
<engineerTo>
<item key="F20CE56D-E086-A2AE-A316-17F43A1A038C" value="true"/>
</engineerTo>
<sourcePk>2D726714-C832-1F52-ACBF-9BB1109CD896</sourcePk>
<targetPk>F612B494-668F-502D-6753-BC53D42D39E5</targetPk>
<identifying>false</identifying>
<optionalSource>false</optionalSource>
<optionalTarget>false</optionalTarget>
<sourceCardinality>1</sourceCardinality>
<sourceEntity>F5070816-FD06-3CEB-5F9B-5B9985F01566</sourceEntity>
<targetCardinalityString>*</targetCardinalityString>
<targetEntity>12CD9F6A-3AB3-9EEF-A9DE-1248483834C0</targetEntity>
<transferable>true</transferable>
<deleteRule>NO ACTION</deleteRule>
</Relation>