<?xml version = '1.0' encoding = 'UTF-8'?>
<Relation class="oracle.dbtools.crest.model.design.logical.Relation" name="AVALIACAO_FISICA_DADOS" directorySegmentName="seg_0" id="5EE83147-7302-F638-84AE-E2B4E6494AC0">
<createdBy>Gabriel</createdBy>
<createdTime>2015-05-02 19:30:41 UTC</createdTime>
<generatorID>Gerado pelo usuário</generatorID>
<ownerDesignName>ACADEMIA_MODELO</ownerDesignName>
<engineerTo>
<item key="F20CE56D-E086-A2AE-A316-17F43A1A038C" value="true"/>
</engineerTo>
<identifying>false</identifying>
<optionalSource>false</optionalSource>
<optionalTarget>false</optionalTarget>
<sourceCardinality>*</sourceCardinality>
<sourceEntity>C1544174-59B2-A931-DDAB-2FFB7D83C8D9</sourceEntity>
<targetCardinalityString>*</targetCardinalityString>
<targetEntity>5E7E00E2-CA32-B201-2D72-BD302A8C694E</targetEntity>
<transferable>true</transferable>
<deleteRule>NO ACTION</deleteRule>
<attributes itemClass="oracle.dbtools.crest.model.design.logical.Attribute">
<attribute name="VALOR" id="6C4407C8-F3F6-8F02-7796-43C11381BE0D">
<createdBy>Gabriel</createdBy>
<createdTime>2015-05-02 19:31:16 UTC</createdTime>
<comment>Valor medido em avaliação</comment>
<generatorID>Gerado pelo usuário</generatorID>
<ownerDesignName>ACADEMIA_MODELO</ownerDesignName>
<engineerTo>
<item key="F20CE56D-E086-A2AE-A316-17F43A1A038C" value="true"/>
</engineerTo>
<nullsAllowed>true</nullsAllowed>
<useDomainConstraints>false</useDomainConstraints>
<use>1</use>
<logicalDatatype>LOGDT026</logicalDatatype>
<dataTypePrecision>5</dataTypePrecision>
<dataTypeScale>2</dataTypeScale>
</attribute>
</attributes>
</Relation>