<?xml version = '1.0' encoding = 'UTF-8'?>
<Relation class="oracle.dbtools.crest.model.design.logical.Relation" name="FATURA POSSUI PESSOA" directorySegmentName="seg_0" id="66E22234-985D-0E54-5562-0417D4B8E2D1">
<createdBy>Gabriel</createdBy>
<createdTime>2015-04-25 22:30:21 UTC</createdTime>
<generatorID>Gerado pelo usuário</generatorID>
<ownerDesignName>ACADEMIA_MODELO</ownerDesignName>
<engineerTo>
<item key="F20CE56D-E086-A2AE-A316-17F43A1A038C" value="true"/>
</engineerTo>
<sourcePk>2D726714-C832-1F52-ACBF-9BB1109CD896</sourcePk>
<identifying>false</identifying>
<optionalSource>false</optionalSource>
<optionalTarget>false</optionalTarget>
<sourceCardinality>1</sourceCardinality>
<sourceEntity>ECD02B41-A393-2101-C89A-E94A5F71F364</sourceEntity>
<targetCardinalityString>*</targetCardinalityString>
<targetEntity>6CFDC714-CD01-1961-2024-F9357EAE4658</targetEntity>
<transferable>true</transferable>
<deleteRule>NO ACTION</deleteRule>
</Relation>