<?xml version = '1.0' encoding = 'UTF-8'?>
<Relation class="oracle.dbtools.crest.model.design.logical.Relation" name="PESSOA_FISICA TEM FREQUENCIA" directorySegmentName="seg_0" id="72AD0806-0458-419D-4F04-355ED71A63E8">
<createdBy>Thales</createdBy>
<createdTime>2015-05-05 00:47:25 UTC</createdTime>
<generatorID>Gerado pelo usuário</generatorID>
<ownerDesignName>ACADEMIA_MODELO</ownerDesignName>
<engineerTo>
<item key="F20CE56D-E086-A2AE-A316-17F43A1A038C" value="true"/>
</engineerTo>
<sourcePk>5554BD19-F938-C41F-CE48-AF0A9742C357</sourcePk>
<targetPk>2D726714-C832-1F52-ACBF-9BB1109CD896</targetPk>
<identifying>true</identifying>
<optionalSource>false</optionalSource>
<optionalTarget>false</optionalTarget>
<sourceCardinality>*</sourceCardinality>
<sourceEntity>D20E764F-7FF7-FA85-1303-5CE2286454E8</sourceEntity>
<targetCardinalityString>1</targetCardinalityString>
<targetEntity>B1361309-CF28-94C8-726F-A32BF7217A6F</targetEntity>
<transferable>true</transferable>
<deleteRule>NO ACTION</deleteRule>
</Relation>