<?xml version = '1.0' encoding = 'UTF-8'?>
<Relation class="oracle.dbtools.crest.model.design.logical.Relation" name="TURMA POSSUI ATIVIDADE" directorySegmentName="seg_0" id="7CA64F46-9D18-F3F8-8B73-6E26D0F7FC54">
<createdBy>Gabriel</createdBy>
<createdTime>2015-05-04 22:33:38 UTC</createdTime>
<generatorID>Gerado pelo usuário</generatorID>
<ownerDesignName>ACADEMIA_MODELO</ownerDesignName>
<engineerTo>
<item key="F20CE56D-E086-A2AE-A316-17F43A1A038C" value="true"/>
</engineerTo>
<sourcePk>3E2D452F-1D5D-3256-76B2-31825029BF31</sourcePk>
<targetPk>E5D02463-497E-DCA9-526C-659DEA9858A5</targetPk>
<identifying>false</identifying>
<optionalSource>false</optionalSource>
<optionalTarget>false</optionalTarget>
<sourceCardinality>*</sourceCardinality>
<sourceEntity>A8C81E6C-8A05-B58A-5A33-3C02BF5327A2</sourceEntity>
<targetCardinalityString>1</targetCardinalityString>
<targetEntity>D2FAD95A-E3C1-31DD-BF37-71B71EE5058D</targetEntity>
<transferable>true</transferable>
<deleteRule>NO ACTION</deleteRule>
</Relation>