<?xml version = '1.0' encoding = 'UTF-8'?>
<Relation class="oracle.dbtools.crest.model.design.logical.Relation" name="FRANQUIA TEM DESPESA" directorySegmentName="seg_0" id="8191D73C-9438-7AB7-DC16-BF59CD7ADF7D">
<createdBy>Thales</createdBy>
<createdTime>2015-05-04 23:33:10 UTC</createdTime>
<generatorID>Gerado pelo usuário</generatorID>
<ownerDesignName>ACADEMIA_MODELO</ownerDesignName>
<engineerTo>
<item key="F20CE56D-E086-A2AE-A316-17F43A1A038C" value="true"/>
</engineerTo>
<sourcePk>AA5B8787-9D8F-89FD-34B7-9493E7650C11</sourcePk>
<identifying>false</identifying>
<optionalSource>true</optionalSource>
<optionalTarget>false</optionalTarget>
<sourceCardinality>*</sourceCardinality>
<sourceEntity>CAF8CB3F-FBF8-33A7-1DC5-C46C91526F94</sourceEntity>
<targetCardinalityString>*</targetCardinalityString>
<targetEntity>3E3A17E7-991A-655B-3ADE-612FF4141CDB</targetEntity>
<transferable>true</transferable>
<deleteRule>NO ACTION</deleteRule>
<attributes itemClass="oracle.dbtools.crest.model.design.logical.Attribute">
<attribute name="NRO_FATURA" id="1FABF440-FAB3-3C5D-F8C0-69C1630EC615">
<createdBy>rm72468</createdBy>
<createdTime>2015-05-14 00:24:39 UTC</createdTime>
<ownerDesignName>ACADEMIA_MODELO</ownerDesignName>
<engineerTo>
<item key="F20CE56D-E086-A2AE-A316-17F43A1A038C" value="true"/>
</engineerTo>
<nullsAllowed>true</nullsAllowed>
<useDomainConstraints>false</useDomainConstraints>
<use>1</use>
<logicalDatatype>LOGDT011</logicalDatatype>
</attribute>
<attribute name="NRO_ITEM" id="AA30928E-35A6-1A15-C3FB-23218356A06D">
<createdBy>rm72468</createdBy>
<createdTime>2015-05-14 00:24:40 UTC</createdTime>
<ownerDesignName>ACADEMIA_MODELO</ownerDesignName>
<engineerTo>
<item key="F20CE56D-E086-A2AE-A316-17F43A1A038C" value="true"/>
</engineerTo>
<nullsAllowed>true</nullsAllowed>
<useDomainConstraints>false</useDomainConstraints>
<use>1</use>
<logicalDatatype>LOGDT011</logicalDatatype>
</attribute>
</attributes>
</Relation>