<?xml version = '1.0' encoding = 'UTF-8'?>
<Relation class="oracle.dbtools.crest.model.design.logical.Relation" name="PESSOA_LINGUA" directorySegmentName="seg_0" id="8C8B9AA7-B309-5A97-EA4B-9D2413CF53F8">
<createdBy>Thales</createdBy>
<createdTime>2015-04-20 20:26:08 UTC</createdTime>
<comment>Esta relação mostra quais linguas a PESSOA fala e indica se qual é a principal.</comment>
<generatorID>Gerado pelo usuário</generatorID>
<ownerDesignName>ACADEMIA_MODELO</ownerDesignName>
<engineerTo>
<item key="F20CE56D-E086-A2AE-A316-17F43A1A038C" value="true"/>
</engineerTo>
<sourcePk>B04FC9AC-605B-3DA3-4019-F5D5669B289C</sourcePk>
<targetPk>2D726714-C832-1F52-ACBF-9BB1109CD896</targetPk>
<identifying>false</identifying>
<optionalSource>true</optionalSource>
<optionalTarget>true</optionalTarget>
<sourceCardinality>*</sourceCardinality>
<sourceEntity>4CE37650-AFA8-D3BE-7F13-2D07D5D1C7E0</sourceEntity>
<targetCardinalityString>*</targetCardinalityString>
<targetEntity>ECD02B41-A393-2101-C89A-E94A5F71F364</targetEntity>
<transferable>true</transferable>
<deleteRule>NO ACTION</deleteRule>
<attributes itemClass="oracle.dbtools.crest.model.design.logical.Attribute">
<attribute name="IND_PRINCIPAL" id="B519AA94-D23C-2E6A-F95A-F449E6B2435E">
<createdBy>Gabriel</createdBy>
<createdTime>2015-04-25 21:33:57 UTC</createdTime>
<comment>Indica se é a linguagem primária (S ou N)</comment>
<generatorID>Gerado pelo usuário</generatorID>
<ownerDesignName>ACADEMIA_MODELO</ownerDesignName>
<engineerTo>
<item key="F20CE56D-E086-A2AE-A316-17F43A1A038C" value="true"/>
</engineerTo>
<constraintName>CK_PESSOA_LINGUA_PRIMARIO</constraintName>
<useDomainConstraints>false</useDomainConstraints>
<use>1</use>
<logicalDatatype>A3A3C77D-0366-9768-FF89-1C25E56881C8</logicalDatatype>
<dataTypeSize>1</dataTypeSize>
<listOfValues>
<valueDef value="N" description="Não"/>
<valueDef value="S" description="Sim"/>
</listOfValues>
<defaultValue>N</defaultValue>
</attribute>
</attributes>
</Relation>