<?xml version = '1.0' encoding = 'UTF-8'?>
<Relation class="oracle.dbtools.crest.model.design.logical.Relation" name="FRANQUIA_PROMOCAO" directorySegmentName="seg_0" id="E1DC88CA-6802-8334-2E66-BD82E0D7D56F">
<createdBy>Thales</createdBy>
<createdTime>2015-04-22 22:24:37 UTC</createdTime>
<generatorID>Gerado pelo usuário</generatorID>
<ownerDesignName>ACADEMIA_MODELO</ownerDesignName>
<engineerTo>
<item key="F20CE56D-E086-A2AE-A316-17F43A1A038C" value="true"/>
</engineerTo>
<sourcePk>CE7BA9C6-F983-B546-D3A6-706730800460</sourcePk>
<identifying>false</identifying>
<optionalSource>true</optionalSource>
<optionalTarget>false</optionalTarget>
<sourceCardinality>*</sourceCardinality>
<sourceEntity>3E3A17E7-991A-655B-3ADE-612FF4141CDB</sourceEntity>
<targetCardinalityString>*</targetCardinalityString>
<targetEntity>21FFB36D-22A5-0308-5915-7F6DFA6FF91A</targetEntity>
<transferable>true</transferable>
<deleteRule>NO ACTION</deleteRule>
<attributes itemClass="oracle.dbtools.crest.model.design.logical.Attribute">
<attribute name="DT_INICIO" id="74CB7A57-4BD3-09DA-A750-8D57A7FA24D8">
<createdBy>Gabriel</createdBy>
<createdTime>2015-05-03 22:23:24 UTC</createdTime>
<generatorID>Gerado pelo usuário</generatorID>
<ownerDesignName>ACADEMIA_MODELO</ownerDesignName>
<engineerTo>
<item key="F20CE56D-E086-A2AE-A316-17F43A1A038C" value="true"/>
</engineerTo>
<useDomainConstraints>false</useDomainConstraints>
<use>1</use>
<logicalDatatype>LOGDT008</logicalDatatype>
</attribute>
<attribute name="DT_FIM" id="2A8EDAE3-E72E-AAF3-A22B-2FFD53ADEA1B">
<createdBy>Gabriel</createdBy>
<createdTime>2015-05-03 22:23:24 UTC</createdTime>
<generatorID>Gerado pelo usuário</generatorID>
<ownerDesignName>ACADEMIA_MODELO</ownerDesignName>
<engineerTo>
<item key="F20CE56D-E086-A2AE-A316-17F43A1A038C" value="true"/>
</engineerTo>
<nullsAllowed>true</nullsAllowed>
<useDomainConstraints>false</useDomainConstraints>
<use>1</use>
<logicalDatatype>LOGDT008</logicalDatatype>
</attribute>
</attributes>
</Relation>