<?xml version = '1.0' encoding = 'UTF-8'?>
<Diagram class="oracle.dbtools.crest.swingui.relational.DPVRelationalSubView" name="From_LM_SV Funcionario" id="14C89A43-50B4-A159-CC1C-FAEA002CEFFC">
<createdBy>lucasgomide</createdBy>
<createdTime>2015-05-06 13:15:45 UTC</createdTime>
<autoRoute>false</autoRoute>
<boxInbox>true</boxInbox>
<showLegend>false</showLegend>
<showLabels>false</showLabels>
<showRelAttributes>false</showRelAttributes>
<showGrid>false</showGrid>
<diagramColor>-1</diagramColor>
<display>false</display>
<notation>1</notation>
<objectViews>
<OView class="oracle.dbtools.crest.swingui.relational.TVTable" oid="31BFA6F9-23D4-E26B-BA20-E1CB9CFF5C81" otype="Table" vid="29C28645-AC1C-015E-E7EB-8676ADF9E2F8">
<hideElementsInCurrentOnly>false</hideElementsInCurrentOnly>
<bounds x="1226" y="1726" width="422" height="144"/>
</OView>
<OView class="oracle.dbtools.crest.swingui.relational.TVTable" oid="57CBDFF9-DFEC-BAD9-B376-DFDEC833C7E8" otype="Table" vid="BC55EE35-1E30-9796-0BE1-58CD6C1619ED">
<hideElementsInCurrentOnly>false</hideElementsInCurrentOnly>
<bounds x="2503" y="1565" width="438" height="137"/>
</OView>
<OView class="oracle.dbtools.crest.swingui.relational.TVTable" oid="6D41623F-D6AC-1B15-F034-F544F4D47F84" otype="Table" vid="262B8DC3-A925-B40D-7521-1ABB8F601B5D">
<hideElementsInCurrentOnly>false</hideElementsInCurrentOnly>
<bounds x="2045" y="1465" width="267" height="159"/>
</OView>
<OView class="oracle.dbtools.crest.swingui.relational.TVTable" oid="80032C36-9585-629D-EC4A-8BA51B9F1505" otype="Table" vid="8BFACEF7-8ADC-C045-47B3-B7C9BEFB2819">
<hideElementsInCurrentOnly>false</hideElementsInCurrentOnly>
<bounds x="2646" y="1425" width="199" height="93"/>
</OView>
<OView class="oracle.dbtools.crest.swingui.relational.TVTable" oid="825E162B-8D97-D90E-4052-979131597E11" otype="Table" vid="4A6703A2-5413-61C1-DA54-4F0CEC68CF5B">
<hideElementsInCurrentOnly>false</hideElementsInCurrentOnly>
<bounds x="2139" y="1864" width="168" height="108"/>
</OView>
<OView class="oracle.dbtools.crest.swingui.relational.TVTable" oid="919F0F11-D3C8-BCAF-7D66-DA7DDBD23EA4" otype="Table" vid="28DD121E-C07A-5A1B-9502-9C7522E6F467">
<hideElementsInCurrentOnly>false</hideElementsInCurrentOnly>
<bounds x="2754" y="1924" width="191" height="99"/>
</OView>
<OView class="oracle.dbtools.crest.swingui.relational.TVTable" oid="A5E40D15-0054-6ABB-4FB3-1396BA045B99" otype="Table" vid="C1163FEB-E116-4948-5BE9-2DB8161B439D">
<hideElementsInCurrentOnly>false</hideElementsInCurrentOnly>
<bounds x="1141" y="1451" width="205" height="128"/>
</OView>
<OView class="oracle.dbtools.crest.swingui.relational.TVTable" oid="B571AACD-6FD6-1071-D512-48BEAA1B9B6A" otype="Table" vid="2C601EE7-EF6F-E4D8-0FB3-EDA1A86DB5EC">
<hideElementsInCurrentOnly>false</hideElementsInCurrentOnly>
<bounds x="3233" y="2130" width="170" height="127"/>
</OView>
<OView class="oracle.dbtools.crest.swingui.relational.TVTable" oid="CDDCF4D6-D185-9796-9B6B-834D1290F443" otype="Table" vid="B0EE9AF6-C860-F36D-0E85-156E0BA3624B">
<hideElementsInCurrentOnly>false</hideElementsInCurrentOnly>
<bounds x="1943" y="1354" width="441" height="639"/>
</OView>
<OView class="oracle.dbtools.crest.swingui.relational.TVTable" oid="D28FEB7F-F1E4-E1B7-D1BF-266274B5596F" otype="Table" vid="3A5DE599-9812-8E65-FCA3-33937D6B14D8">
<hideElementsInCurrentOnly>false</hideElementsInCurrentOnly>
<bounds x="2081" y="1657" width="288" height="314"/>
</OView>
<OView class="oracle.dbtools.crest.swingui.relational.TVTable" oid="E5034F3D-C81B-A54C-842C-427043D6671A" otype="Table" vid="7880EEE7-F620-A5CD-35E1-B0D1F8CA03C7">
<hideElementsInCurrentOnly>false</hideElementsInCurrentOnly>
<bounds x="1544" y="920" width="813" height="258"/>
</OView>
<OView class="oracle.dbtools.crest.swingui.relational.TVTable" oid="EF212E6E-CBF0-1575-1F0E-31B6B75B8B51" otype="Table" vid="1ACF2AF9-B5DC-A8E2-AE52-733D66112DA2">
<hideElementsInCurrentOnly>false</hideElementsInCurrentOnly>
<bounds x="3050" y="1305" width="298" height="122"/>
</OView>
<OView class="oracle.dbtools.crest.swingui.relational.TVTable" oid="F1EAAB79-4B06-FD20-E2EE-BFCB2D684D06" otype="Table" vid="6F29884E-90F1-24F1-4485-32DD8F8466D7">
<hideElementsInCurrentOnly>false</hideElementsInCurrentOnly>
<bounds x="2598" y="1727" width="435" height="139"/>
</OView>
<OView class="oracle.dbtools.crest.swingui.relational.TVTable" oid="F80DF052-8CB9-CCB9-F04E-21992A4B7D8A" otype="Table" vid="63956D98-1421-A60D-6AAF-D00F7BFC1980">
<hideElementsInCurrentOnly>false</hideElementsInCurrentOnly>
<bounds x="2142" y="2126" width="435" height="140"/>
</OView>
<OView class="oracle.dbtools.crest.swingui.relational.TVTable" oid="FFF582A0-847F-63C9-6461-2761742AF3CF" otype="Table" vid="D0E9BBB8-61FD-8D3F-A8B8-A96962F68560">
<hideElementsInCurrentOnly>false</hideElementsInCurrentOnly>
<bounds x="1951" y="1696" width="120" height="74"/>
</OView>
</objectViews>
<connectors>
<Connector class="oracle.dbtools.crest.swingui.relational.TVFKRelation" oid="0BF22A3F-121D-A3FB-99EB-7A2CD12B0E47" otype="FKIndexAssociation" vid_source="3A5DE599-9812-8E65-FCA3-33937D6B14D8" vid_target="BC55EE35-1E30-9796-0BE1-58CD6C1619ED">
<hideElementsInCurrentOnly>false</hideElementsInCurrentOnly>
<lineWidth>1</lineWidth>
<points>
<point x="2369" y="1679"/>
<point x="2503" y="1679"/>
</points>
</Connector>
<Connector class="oracle.dbtools.crest.swingui.relational.TVFKRelation" oid="2D450576-D37B-40DA-EBEC-7573066B1A9D" otype="FKIndexAssociation" vid_source="B0EE9AF6-C860-F36D-0E85-156E0BA3624B" vid_target="C1163FEB-E116-4948-5BE9-2DB8161B439D">
<hideElementsInCurrentOnly>false</hideElementsInCurrentOnly>
<lineWidth>1</lineWidth>
<points>
<point x="1943" y="1515"/>
<point x="1346" y="1515"/>
</points>
</Connector>
<Connector class="oracle.dbtools.crest.swingui.relational.TVFKRelation" oid="3956D851-B21C-A1F3-F0AF-AE61A8DC3FCD" otype="FKIndexAssociation" vid_source="3A5DE599-9812-8E65-FCA3-33937D6B14D8" vid_target="6F29884E-90F1-24F1-4485-32DD8F8466D7">
<hideElementsInCurrentOnly>false</hideElementsInCurrentOnly>
<lineWidth>1</lineWidth>
<points>
<point x="2369" y="1796"/>
<point x="2598" y="1796"/>
</points>
</Connector>
<Connector class="oracle.dbtools.crest.swingui.relational.TVFKRelation" oid="454C9DAC-6164-E02D-56BF-A31FF7646E19" otype="FKIndexAssociation" vid_source="7880EEE7-F620-A5CD-35E1-B0D1F8CA03C7" vid_target="B0EE9AF6-C860-F36D-0E85-156E0BA3624B">
<hideElementsInCurrentOnly>false</hideElementsInCurrentOnly>
<lineWidth>1</lineWidth>
<points>
<point x="2150" y="1178"/>
<point x="2150" y="1354"/>
</points>
</Connector>
<Connector class="oracle.dbtools.crest.swingui.relational.TVFKRelation" oid="508B91C7-4B6C-EE06-8C2F-E66B33EF2659" otype="FKIndexAssociation" vid_source="B0EE9AF6-C860-F36D-0E85-156E0BA3624B" vid_target="1ACF2AF9-B5DC-A8E2-AE52-733D66112DA2">
<hideElementsInCurrentOnly>false</hideElementsInCurrentOnly>
<lineWidth>1</lineWidth>
<points>
<point x="2384" y="1390"/>
<point x="3050" y="1390"/>
</points>
</Connector>
<Connector class="oracle.dbtools.crest.swingui.relational.TVFKRelation" oid="65EF677A-5414-7B20-C0F3-3405497A6F19" otype="FKIndexAssociation" vid_source="B0EE9AF6-C860-F36D-0E85-156E0BA3624B" vid_target="262B8DC3-A925-B40D-7521-1ABB8F601B5D">
<hideElementsInCurrentOnly>false</hideElementsInCurrentOnly>
<lineWidth>1</lineWidth>
<points>
<point x="2384" y="1544"/>
<point x="2045" y="1544"/>
</points>
</Connector>
<Connector class="oracle.dbtools.crest.swingui.relational.TVFKRelation" oid="6C0CBBD0-F625-7DCB-B501-DCD1EF61E549" otype="FKIndexAssociation" vid_source="B0EE9AF6-C860-F36D-0E85-156E0BA3624B" vid_target="D0E9BBB8-61FD-8D3F-A8B8-A96962F68560">
<hideElementsInCurrentOnly>false</hideElementsInCurrentOnly>
<lineWidth>1</lineWidth>
<points>
<point x="2384" y="1733"/>
<point x="1951" y="1733"/>
</points>
</Connector>
<Connector class="oracle.dbtools.crest.swingui.relational.TVFKRelation" oid="7C7958F5-B56E-C7D4-7825-808D1959F395" otype="FKIndexAssociation" vid_source="3A5DE599-9812-8E65-FCA3-33937D6B14D8" vid_target="3A5DE599-9812-8E65-FCA3-33937D6B14D8">
<hideElementsInCurrentOnly>false</hideElementsInCurrentOnly>
<lineWidth>1</lineWidth>
<points>
<point x="2369" y="1814"/>
<point x="2394" y="1814"/>
<point x="2394" y="1996"/>
<point x="2225" y="1996"/>
<point x="2225" y="1971"/>
</points>
</Connector>
<Connector class="oracle.dbtools.crest.swingui.relational.TVFKRelation" oid="9A84214A-ECD0-4326-CAE6-1FD7BF8008E6" otype="FKIndexAssociation" vid_source="3A5DE599-9812-8E65-FCA3-33937D6B14D8" vid_target="4A6703A2-5413-61C1-DA54-4F0CEC68CF5B">
<hideElementsInCurrentOnly>false</hideElementsInCurrentOnly>
<lineWidth>1</lineWidth>
<points>
<point x="2369" y="1917"/>
<point x="2139" y="1917"/>
</points>
</Connector>
<Connector class="oracle.dbtools.crest.swingui.relational.TVFKRelation" oid="AA7E9E79-AE65-CE2B-FB70-A672DAD631A5" otype="FKIndexAssociation" vid_source="2C601EE7-EF6F-E4D8-0FB3-EDA1A86DB5EC" vid_target="63956D98-1421-A60D-6AAF-D00F7BFC1980">
<hideElementsInCurrentOnly>false</hideElementsInCurrentOnly>
<lineWidth>1</lineWidth>
<points>
<point x="3233" y="2193"/>
<point x="2577" y="2193"/>
</points>
</Connector>
<Connector class="oracle.dbtools.crest.swingui.relational.TVFKRelation" oid="B5315F83-7BF7-7D1F-9732-768C428A6951" otype="FKIndexAssociation" vid_source="29C28645-AC1C-015E-E7EB-8676ADF9E2F8" vid_target="3A5DE599-9812-8E65-FCA3-33937D6B14D8">
<hideElementsInCurrentOnly>false</hideElementsInCurrentOnly>
<lineWidth>1</lineWidth>
<points>
<point x="1648" y="1788"/>
<point x="2081" y="1788"/>
</points>
</Connector>
<Connector class="oracle.dbtools.crest.swingui.relational.TVFKRelation" oid="DA791DC4-FCD9-B0BA-795A-37D74FF4D8A2" otype="FKIndexAssociation" vid_source="8BFACEF7-8ADC-C045-47B3-B7C9BEFB2819" vid_target="BC55EE35-1E30-9796-0BE1-58CD6C1619ED">
<hideElementsInCurrentOnly>false</hideElementsInCurrentOnly>
<lineWidth>1</lineWidth>
<points>
<point x="2745" y="1518"/>
<point x="2745" y="1565"/>
</points>
</Connector>
<Connector class="oracle.dbtools.crest.swingui.relational.TVFKRelation" oid="DFB73A7D-1B72-8F30-0EA6-23F0A882F4C5" otype="FKIndexAssociation" vid_source="B0EE9AF6-C860-F36D-0E85-156E0BA3624B" vid_target="3A5DE599-9812-8E65-FCA3-33937D6B14D8">
<hideElementsInCurrentOnly>false</hideElementsInCurrentOnly>
<lineWidth>1</lineWidth>
<points>
<point x="2384" y="1814"/>
<point x="2081" y="1814"/>
</points>
</Connector>
<Connector class="oracle.dbtools.crest.swingui.relational.TVFKRelation" oid="F1523472-0BC2-158B-99FA-9495AB87631A" otype="FKIndexAssociation" vid_source="28DD121E-C07A-5A1B-9502-9C7522E6F467" vid_target="6F29884E-90F1-24F1-4485-32DD8F8466D7">
<hideElementsInCurrentOnly>false</hideElementsInCurrentOnly>
<lineWidth>1</lineWidth>
<points>
<point x="2849" y="1924"/>
<point x="2849" y="1866"/>
</points>
</Connector>
<Connector class="oracle.dbtools.crest.swingui.relational.TVFKRelation" oid="FED0B6C0-FFE0-BC86-4782-AB826B26DE41" otype="FKIndexAssociation" vid_source="3A5DE599-9812-8E65-FCA3-33937D6B14D8" vid_target="63956D98-1421-A60D-6AAF-D00F7BFC1980">
<hideElementsInCurrentOnly>false</hideElementsInCurrentOnly>
<lineWidth>1</lineWidth>
<points>
<point x="2255" y="1971"/>
<point x="2255" y="2126"/>
</points>
</Connector>
</connectors>
<arcs>
<Arc class="oracle.dbtools.crest.swingui.relational.TVFKArc" oid="BBB96A57-1076-5F21-AF62-08FBD12F5D82" otype="FKArc" vid="7958B2DA-5C87-87A5-86AF-AD92FE60B679">
<hideElementsInCurrentOnly>false</hideElementsInCurrentOnly>
<bounds x="1923" y="1334" width="481" height="679"/>
</Arc>
</arcs>
</Diagram>