<?xml version = '1.0' encoding = 'UTF-8'?>
<Diagram class="oracle.dbtools.crest.swingui.relational.DPVRelationalSubView" name="From_LM_SV ATIVO e MANUTENCAO" id="B83DD401-DF59-3786-ACFF-86691FBB8A68">
<createdBy>Gabriel</createdBy>
<createdTime>2015-05-06 03:59:38 UTC</createdTime>
<autoRoute>false</autoRoute>
<boxInbox>true</boxInbox>
<showLegend>false</showLegend>
<showLabels>false</showLabels>
<showRelAttributes>false</showRelAttributes>
<showGrid>false</showGrid>
<diagramColor>-1</diagramColor>
<display>false</display>
<generatorId>B3989D66-3B96-BBBD-6C41-3C7B57950D72</generatorId>
<notation>1</notation>
<objectViews>
<OView class="oracle.dbtools.crest.swingui.relational.TVTable" oid="7534638A-38FA-FCE9-8C2B-F6A7604D88EE" otype="Table" vid="A3FC2C4F-C6D4-7B08-C304-9B77C04D5604">
<hideElementsInCurrentOnly>false</hideElementsInCurrentOnly>
<bounds x="1115" y="319" width="299" height="164"/>
<generatorID>72A112FC-ABD0-A569-FF5F-D90FE47CAC81</generatorID>
</OView>
<OView class="oracle.dbtools.crest.swingui.relational.TVTable" oid="8612CE1C-8DCF-F7E2-F4B0-F6B5EDC28C28" otype="Table" vid="D72CD830-9E6F-9A49-4A54-E5D044AD4374">
<hideElementsInCurrentOnly>false</hideElementsInCurrentOnly>
<bounds x="606" y="320" width="327" height="290"/>
<generatorID>FA43F1B1-BCA2-08A9-D682-2FB9AAB4F234</generatorID>
</OView>
<OView class="oracle.dbtools.crest.swingui.relational.TVTable" oid="919F0F11-D3C8-BCAF-7D66-DA7DDBD23EA4" otype="Table" vid="59438BD0-671E-3E91-30F7-B92330B85784">
<hideElementsInCurrentOnly>false</hideElementsInCurrentOnly>
<bounds x="667" y="155" width="205" height="88"/>
<generatorID>EE214769-DE13-BD09-9029-200E0C56CE66</generatorID>
</OView>
<OView class="oracle.dbtools.crest.swingui.relational.TVTable" oid="960946C6-0574-4C50-76D1-2AEAF8B71FE9" otype="Table" vid="83B4A092-F4AC-131D-5F1F-B1EDA53294CE">
<hideElementsInCurrentOnly>false</hideElementsInCurrentOnly>
<bounds x="48" y="239" width="434" height="324"/>
<generatorID>64B708BD-6D76-4480-B697-9DBF0159D5A5</generatorID>
</OView>
<OView class="oracle.dbtools.crest.swingui.relational.TVTable" oid="B8208669-A4A9-83CF-6F7E-91806284E182" otype="Table" vid="43FC7B27-E600-B5EE-6353-85AFB1A7C897">
<hideElementsInCurrentOnly>false</hideElementsInCurrentOnly>
<bounds x="361" y="730" width="404" height="184"/>
<generatorID>5728C126-849E-16AB-B843-ECC5AF0A40B4</generatorID>
</OView>
<OView class="oracle.dbtools.crest.swingui.relational.TVTable" oid="D9E3DA51-ECB4-5A01-A0B6-6526DBB80263" otype="Table" vid="3BABD1CE-A01E-52B0-1D12-6C09B59C0836">
<hideElementsInCurrentOnly>false</hideElementsInCurrentOnly>
<bounds x="1132" y="532" width="221" height="88"/>
<generatorID>BD225C3D-0D87-10C9-CA5B-267216B0A928</generatorID>
</OView>
<OView class="oracle.dbtools.crest.swingui.relational.TVTable" oid="DFA8E26F-5E23-234A-5074-E03EE775BA5A" otype="Table" vid="E1B90558-BE7A-FF14-F0D9-CEE0C9FB299C">
<hideElementsInCurrentOnly>false</hideElementsInCurrentOnly>
<bounds x="880" y="720" width="530" height="164"/>
<generatorID>BB0B3367-527C-D288-B3D9-C4D16CFE4B7B</generatorID>
</OView>
</objectViews>
<connectors>
<Connector class="oracle.dbtools.crest.swingui.relational.TVFKRelation" oid="1C28963E-5E3C-DDCD-49EF-621207B5B2C4" otype="FKIndexAssociation" vid_source="83B4A092-F4AC-131D-5F1F-B1EDA53294CE" vid_target="D72CD830-9E6F-9A49-4A54-E5D044AD4374">
<hideElementsInCurrentOnly>false</hideElementsInCurrentOnly>
<lineWidth>1</lineWidth>
<points>
<point x="482" y="441"/>
<point x="606" y="441"/>
</points>
</Connector>
<Connector class="oracle.dbtools.crest.swingui.relational.TVFKRelation" oid="7D4199EB-34CF-AB10-D7EA-D28516E83293" otype="FKIndexAssociation" vid_source="3BABD1CE-A01E-52B0-1D12-6C09B59C0836" vid_target="D72CD830-9E6F-9A49-4A54-E5D044AD4374">
<hideElementsInCurrentOnly>false</hideElementsInCurrentOnly>
<lineWidth>1</lineWidth>
<points>
<point x="1132" y="571"/>
<point x="933" y="571"/>
</points>
</Connector>
<Connector class="oracle.dbtools.crest.swingui.relational.TVFKRelation" oid="A8D64755-28F6-4BAA-BC9D-5179FF12CFF6" otype="FKIndexAssociation" vid_source="A3FC2C4F-C6D4-7B08-C304-9B77C04D5604" vid_target="D72CD830-9E6F-9A49-4A54-E5D044AD4374">
<hideElementsInCurrentOnly>false</hideElementsInCurrentOnly>
<lineWidth>1</lineWidth>
<points>
<point x="1115" y="401"/>
<point x="933" y="401"/>
</points>
</Connector>
<Connector class="oracle.dbtools.crest.swingui.relational.TVFKRelation" oid="C65FD5C9-1AC4-5236-EE06-16438D2813B8" otype="FKIndexAssociation" vid_source="43FC7B27-E600-B5EE-6353-85AFB1A7C897" vid_target="E1B90558-BE7A-FF14-F0D9-CEE0C9FB299C">
<hideElementsInCurrentOnly>false</hideElementsInCurrentOnly>
<lineWidth>1</lineWidth>
<points>
<point x="765" y="807"/>
<point x="880" y="807"/>
</points>
</Connector>
<Connector class="oracle.dbtools.crest.swingui.relational.TVFKRelation" oid="C97B8F9B-8BA0-5185-254C-6F00DEA21C49" otype="FKIndexAssociation" vid_source="59438BD0-671E-3E91-30F7-B92330B85784" vid_target="D72CD830-9E6F-9A49-4A54-E5D044AD4374">
<hideElementsInCurrentOnly>false</hideElementsInCurrentOnly>
<lineWidth>1</lineWidth>
<points>
<point x="769" y="243"/>
<point x="769" y="320"/>
</points>
</Connector>
<Connector class="oracle.dbtools.crest.swingui.relational.TVFKRelation" oid="F335F177-5817-7CF1-5E57-BEEC89A438D8" otype="FKIndexAssociation" vid_source="D72CD830-9E6F-9A49-4A54-E5D044AD4374" vid_target="43FC7B27-E600-B5EE-6353-85AFB1A7C897">
<hideElementsInCurrentOnly>false</hideElementsInCurrentOnly>
<lineWidth>1</lineWidth>
<points>
<point x="685" y="610"/>
<point x="685" y="730"/>
</points>
</Connector>
</connectors>
</Diagram>