<?xml version = '1.0' encoding = 'UTF-8'?>
<FKIndexAssociation class="oracle.dbtools.crest.model.design.relational.FKIndexAssociation" directorySegmentName="seg_0" id="3956D851-B21C-A1F3-F0AF-AE61A8DC3FCD" name="FK_ASS_68">
<createdBy>Gabriel</createdBy>
<createdTime>2015-05-06 03:25:25 UTC</createdTime>
<generatorID>365BCF23-6DA9-1682-9BF5-027B1D693B5E</generatorID>
<ownerDesignName>ACADEMIA_MODELO</ownerDesignName>
<containerWithKeyObject>F1EAAB79-4B06-FD20-E2EE-BFCB2D684D06</containerWithKeyObject>
<deleteRule>NO ACTION</deleteRule>
<localFKIndex>9787B191-63AA-08E5-8453-476B95A2B81C</localFKIndex>
<keyObject>C019A418-2890-57F6-9086-F507098F3EAB</keyObject>
<mandatory>true</mandatory>
<transferable>true</transferable>
<columnDependencyConstraintGenerateInDDL>true</columnDependencyConstraintGenerateInDDL>
</FKIndexAssociation>