<?xml version = '1.0' encoding = 'UTF-8'?>
<FKIndexAssociation class="oracle.dbtools.crest.model.design.relational.FKIndexAssociation" directorySegmentName="seg_0" id="F1523472-0BC2-158B-99FA-9495AB87631A" name="FK_ASS_67">
<createdBy>Gabriel</createdBy>
<createdTime>2015-05-06 03:25:25 UTC</createdTime>
<generatorID>365BCF23-6DA9-1682-9BF5-027B1D693B5E</generatorID>
<ownerDesignName>ACADEMIA_MODELO</ownerDesignName>
<containerWithKeyObject>F1EAAB79-4B06-FD20-E2EE-BFCB2D684D06</containerWithKeyObject>
<deleteRule>NO ACTION</deleteRule>
<localFKIndex>956D7A7C-0BF1-DAED-2A79-C07D41A9BAAB</localFKIndex>
<keyObject>C46E6070-A69A-AAB5-87DA-83D7C6753178</keyObject>
<mandatory>true</mandatory>
<transferable>true</transferable>
<columnDependencyConstraintGenerateInDDL>true</columnDependencyConstraintGenerateInDDL>
</FKIndexAssociation>