<?xml version = '1.0' encoding = 'UTF-8'?>
<Entity class="oracle.dbtools.crest.model.design.logical.Entity" directorySegmentName="seg_0" id="12CD9F6A-3AB3-9EEF-A9DE-1248483834C0" name="MENSALIDADE">
<createdBy>Thales</createdBy>
<createdTime>2015-04-22 22:35:25 UTC</createdTime>
<generatorID>Gerado pelo usuário</generatorID>
<ownerDesignName>ACADEMIA_MODELO</ownerDesignName>
<engineerTo>
<item key="F20CE56D-E086-A2AE-A316-17F43A1A038C" value="true"/>
</engineerTo>
<adequatelyNormalized>NO</adequatelyNormalized>
<expectedVolumes>0</expectedVolumes>
<fwdEngineeringStrategyName>Single Table</fwdEngineeringStrategyName>
<growthPercent>0</growthPercent>
<growthType>Year</growthType>
<maxVolumes>9999999</maxVolumes>
<minVolumes>0</minVolumes>
<normalForm>Third</normalForm>
<attributes itemClass="oracle.dbtools.crest.model.design.logical.Attribute">
<Attribute name="COD_MENSALIDADE" id="2DA8566F-744F-D335-8C7E-2188EDEEDB52">
<createdBy>Thales</createdBy>
<createdTime>2015-04-22 22:35:32 UTC</createdTime>
<generatorID>Gerado pelo usuário</generatorID>
<ownerDesignName>ACADEMIA_MODELO</ownerDesignName>
<engineerTo>
<item key="F20CE56D-E086-A2AE-A316-17F43A1A038C" value="true"/>
</engineerTo>
<useDomainConstraints>false</useDomainConstraints>
<use>1</use>
<logicalDatatype>LOGDT011</logicalDatatype>
</Attribute>
<Attribute name="DT_INICIO" id="B66BD440-00D1-30B6-DDC4-48219FCE88D0">
<createdBy>Thales</createdBy>
<createdTime>2015-04-22 22:36:01 UTC</createdTime>
<generatorID>Gerado pelo usuário</generatorID>
<ownerDesignName>ACADEMIA_MODELO</ownerDesignName>
<engineerTo>
<item key="F20CE56D-E086-A2AE-A316-17F43A1A038C" value="true"/>
</engineerTo>
<useDomainConstraints>false</useDomainConstraints>
<use>1</use>
<logicalDatatype>LOGDT008</logicalDatatype>
</Attribute>
<Attribute name="DT_FIM" id="D7DFB78B-0185-40D9-B1AF-434F26A25762">
<createdBy>Thales</createdBy>
<createdTime>2015-04-22 22:36:10 UTC</createdTime>
<generatorID>Gerado pelo usuário</generatorID>
<ownerDesignName>ACADEMIA_MODELO</ownerDesignName>
<engineerTo>
<item key="F20CE56D-E086-A2AE-A316-17F43A1A038C" value="true"/>
</engineerTo>
<nullsAllowed>true</nullsAllowed>
<useDomainConstraints>false</useDomainConstraints>
<use>1</use>
<logicalDatatype>LOGDT008</logicalDatatype>
</Attribute>
<Attribute name="COD_ALUNO" id="0A0FBF42-76A8-50C1-BF7F-12ADA7DDF32B">
<createdBy>Gabriel</createdBy>
<createdTime>2015-05-02 19:01:37 UTC</createdTime>
<generatorID>5464C56B-C985-2798-805D-3843FB8DDEB1</generatorID>
<ownerDesignName>ACADEMIA_MODELO</ownerDesignName>
<engineerTo>
<item key="F20CE56D-E086-A2AE-A316-17F43A1A038C" value="true"/>
</engineerTo>
<referedAttribute>56E1FD82-16DB-62C1-54D3-AA2C75690333</referedAttribute>
<useDomainConstraints>false</useDomainConstraints>
<use>1</use>
<logicalDatatype>LOGDT011</logicalDatatype>
</Attribute>
<Attribute name="SEQ_ITEM" id="9BC11E28-9E5F-568A-F84A-926C286974F8">
<createdBy>Thales</createdBy>
<createdTime>2015-04-22 23:09:36 UTC</createdTime>
<generatorID>E4354F9A-A5DF-FC8C-1485-C59BE47FB98E</generatorID>
<ownerDesignName>ACADEMIA_MODELO</ownerDesignName>
<engineerTo>
<item key="F20CE56D-E086-A2AE-A316-17F43A1A038C" value="true"/>
</engineerTo>
<nullsAllowed>true</nullsAllowed>
<referedAttribute>68319054-8FF4-2D1A-2DAA-0559AEC9F247</referedAttribute>
<useDomainConstraints>false</useDomainConstraints>
<use>1</use>
<logicalDatatype>LOGDT011</logicalDatatype>
</Attribute>
<Attribute name="COD_FATURA" id="DC78DEA5-E870-14F9-6555-22CF60326B8E">
<createdBy>Gabriel</createdBy>
<createdTime>2015-05-06 03:15:29 UTC</createdTime>
<generatorID>E4354F9A-A5DF-FC8C-1485-C59BE47FB98E</generatorID>
<ownerDesignName>ACADEMIA_MODELO</ownerDesignName>
<engineerTo>
<item key="F20CE56D-E086-A2AE-A316-17F43A1A038C" value="true"/>
</engineerTo>
<nullsAllowed>true</nullsAllowed>
<referedAttribute>914913F9-E5B6-F9B1-A8F4-BD0EFB8A9E05</referedAttribute>
<useDomainConstraints>false</useDomainConstraints>
<use>1</use>
<logicalDatatype>LOGDT011</logicalDatatype>
</Attribute>
</attributes>
<identifiers itemClass="oracle.dbtools.crest.model.design.logical.CandidateKey">
<identifier id="F612B494-668F-502D-6753-BC53D42D39E5" name="MENSALIDADE PK">
<createdBy>Thales</createdBy>
<createdTime>2015-04-22 22:35:47 UTC</createdTime>
<generatorID>Gerado pelo usuário</generatorID>
<ownerDesignName>ACADEMIA_MODELO</ownerDesignName>
<shouldEngineer>false</shouldEngineer>
<engineerTo>
<item key="F20CE56D-E086-A2AE-A316-17F43A1A038C" value="false"/>
</engineerTo>
<pk>true</pk>
<newElementsIDs>2DA8566F-744F-D335-8C7E-2188EDEEDB52</newElementsIDs>
<usedAttributes>
<attributeRef>2DA8566F-744F-D335-8C7E-2188EDEEDB52</attributeRef>
</usedAttributes>
</identifier>
</identifiers>
</Entity>