<?xml version = '1.0' encoding = 'UTF-8'?>
<Entity class="oracle.dbtools.crest.model.design.logical.Entity" directorySegmentName="seg_0" id="16D2C58A-157F-ED88-E265-72F5DFBB3FE7" name="PLANO_VALOR">
<createdBy>Thales</createdBy>
<createdTime>2015-04-20 22:06:05 UTC</createdTime>
<generatorID>Gerado pelo usuário</generatorID>
<ownerDesignName>ACADEMIA_MODELO</ownerDesignName>
<engineerTo>
<item key="F20CE56D-E086-A2AE-A316-17F43A1A038C" value="true"/>
</engineerTo>
<adequatelyNormalized>NO</adequatelyNormalized>
<expectedVolumes>0</expectedVolumes>
<fwdEngineeringStrategyName>Single Table</fwdEngineeringStrategyName>
<growthPercent>0</growthPercent>
<growthType>Year</growthType>
<maxVolumes>9999999</maxVolumes>
<minVolumes>0</minVolumes>
<normalForm>Third</normalForm>
<attributes itemClass="oracle.dbtools.crest.model.design.logical.Attribute">
<Attribute name="COD_PLANO_VALOR" id="E5AA69BA-CDEB-B8C5-63C0-16D994C42D06">
<createdBy>Thales</createdBy>
<createdTime>2015-04-20 22:06:14 UTC</createdTime>
<generatorID>Gerado pelo usuário</generatorID>
<ownerDesignName>ACADEMIA_MODELO</ownerDesignName>
<engineerTo>
<item key="F20CE56D-E086-A2AE-A316-17F43A1A038C" value="true"/>
</engineerTo>
<useDomainConstraints>false</useDomainConstraints>
<use>1</use>
<logicalDatatype>LOGDT011</logicalDatatype>
</Attribute>
<Attribute name="VALOR" id="0D5A50C7-3A78-E4AB-3D8F-E2D44471CC4F">
<createdBy>Thales</createdBy>
<createdTime>2015-04-20 22:06:27 UTC</createdTime>
<generatorID>Gerado pelo usuário</generatorID>
<ownerDesignName>ACADEMIA_MODELO</ownerDesignName>
<engineerTo>
<item key="F20CE56D-E086-A2AE-A316-17F43A1A038C" value="true"/>
</engineerTo>
<useDomainConstraints>false</useDomainConstraints>
<use>1</use>
<logicalDatatype>LOGDT026</logicalDatatype>
<dataTypePrecision>8</dataTypePrecision>
<dataTypeScale>2</dataTypeScale>
</Attribute>
<Attribute name="DT_INICIO" id="8BF4B4CB-BEEB-2993-3BD6-B5CFB3B55464">
<createdBy>Thales</createdBy>
<createdTime>2015-04-20 22:06:53 UTC</createdTime>
<generatorID>Gerado pelo usuário</generatorID>
<ownerDesignName>ACADEMIA_MODELO</ownerDesignName>
<engineerTo>
<item key="F20CE56D-E086-A2AE-A316-17F43A1A038C" value="true"/>
</engineerTo>
<useDomainConstraints>false</useDomainConstraints>
<use>1</use>
<logicalDatatype>LOGDT008</logicalDatatype>
</Attribute>
<Attribute name="DT_FIM" id="B763E490-733E-D98C-495E-8DFDBECA2E32">
<createdBy>Thales</createdBy>
<createdTime>2015-04-20 22:07:10 UTC</createdTime>
<generatorID>Gerado pelo usuário</generatorID>
<ownerDesignName>ACADEMIA_MODELO</ownerDesignName>
<engineerTo>
<item key="F20CE56D-E086-A2AE-A316-17F43A1A038C" value="true"/>
</engineerTo>
<useDomainConstraints>false</useDomainConstraints>
<use>1</use>
<logicalDatatype>LOGDT008</logicalDatatype>
</Attribute>
<Attribute name="COD_FAIXA_ETARIA" id="5D8BB3C8-6E44-EDCC-71D4-8346914AD6C5">
<createdBy>Gabriel</createdBy>
<createdTime>2015-05-04 01:21:01 UTC</createdTime>
<generatorID>0CD6DDB7-A270-0BCD-541A-023F2C9328FE</generatorID>
<ownerDesignName>ACADEMIA_MODELO</ownerDesignName>
<engineerTo>
<item key="F20CE56D-E086-A2AE-A316-17F43A1A038C" value="true"/>
</engineerTo>
<nullsAllowed>true</nullsAllowed>
<referedAttribute>67F07FE8-FCF7-5972-0209-9BDB76DFDFE8</referedAttribute>
<useDomainConstraints>false</useDomainConstraints>
<use>1</use>
<logicalDatatype>LOGDT011</logicalDatatype>
</Attribute>
</attributes>
<identifiers itemClass="oracle.dbtools.crest.model.design.logical.CandidateKey">
<identifier id="5BBB62C2-1769-5618-FC94-10BD0E9F1FEB" name="PLANO_VALOR PK">
<createdBy>Thales</createdBy>
<createdTime>2015-04-20 22:06:26 UTC</createdTime>
<generatorID>Gerado pelo usuário</generatorID>
<ownerDesignName>ACADEMIA_MODELO</ownerDesignName>
<shouldEngineer>false</shouldEngineer>
<engineerTo>
<item key="F20CE56D-E086-A2AE-A316-17F43A1A038C" value="false"/>
</engineerTo>
<pk>true</pk>
<newElementsIDs>E5AA69BA-CDEB-B8C5-63C0-16D994C42D06</newElementsIDs>
<usedAttributes>
<attributeRef>E5AA69BA-CDEB-B8C5-63C0-16D994C42D06</attributeRef>
</usedAttributes>
</identifier>
</identifiers>
</Entity>