<?xml version = '1.0' encoding = 'UTF-8'?>
<Entity class="oracle.dbtools.crest.model.design.logical.Entity" directorySegmentName="seg_0" id="1C7E0DBB-A04F-1050-7D86-C51F905EB114" name="FATURA_ITEM">
<createdBy>Thales</createdBy>
<createdTime>2015-04-22 22:57:08 UTC</createdTime>
<generatorID>Gerado pelo usuário</generatorID>
<ownerDesignName>ACADEMIA_MODELO</ownerDesignName>
<engineerTo>
<item key="F20CE56D-E086-A2AE-A316-17F43A1A038C" value="true"/>
</engineerTo>
<adequatelyNormalized>NO</adequatelyNormalized>
<expectedVolumes>0</expectedVolumes>
<fwdEngineeringStrategyName>Single Table</fwdEngineeringStrategyName>
<growthPercent>0</growthPercent>
<growthType>Year</growthType>
<maxVolumes>9999999</maxVolumes>
<minVolumes>0</minVolumes>
<normalForm>Third</normalForm>
<attributes itemClass="oracle.dbtools.crest.model.design.logical.Attribute">
<Attribute name="COD_FATURA" id="914913F9-E5B6-F9B1-A8F4-BD0EFB8A9E05">
<createdBy>Thales</createdBy>
<createdTime>2015-04-22 23:00:28 UTC</createdTime>
<generatorID>FC847B89-A616-CE44-44B3-A9F7593576FE</generatorID>
<ownerDesignName>ACADEMIA_MODELO</ownerDesignName>
<engineerTo>
<item key="F20CE56D-E086-A2AE-A316-17F43A1A038C" value="true"/>
</engineerTo>
<referedAttribute>452784CD-FC39-6809-B669-EF9CFFA5D60B</referedAttribute>
<useDomainConstraints>false</useDomainConstraints>
<use>1</use>
<logicalDatatype>LOGDT011</logicalDatatype>
</Attribute>
<Attribute name="SEQ_ITEM" id="68319054-8FF4-2D1A-2DAA-0559AEC9F247">
<createdBy>Thales</createdBy>
<createdTime>2015-04-22 23:02:04 UTC</createdTime>
<generatorID>Gerado pelo usuário</generatorID>
<ownerDesignName>ACADEMIA_MODELO</ownerDesignName>
<engineerTo>
<item key="F20CE56D-E086-A2AE-A316-17F43A1A038C" value="true"/>
</engineerTo>
<useDomainConstraints>false</useDomainConstraints>
<use>1</use>
<logicalDatatype>LOGDT011</logicalDatatype>
</Attribute>
<Attribute name="COD_TP_ITEM" id="55684440-5F1F-6216-B3AE-C0505D15BEE0">
<createdBy>Thales</createdBy>
<createdTime>2015-04-22 22:58:05 UTC</createdTime>
<generatorID>0A182145-BC46-3C0D-7804-CDA13DAA0E43</generatorID>
<ownerDesignName>ACADEMIA_MODELO</ownerDesignName>
<engineerTo>
<item key="F20CE56D-E086-A2AE-A316-17F43A1A038C" value="true"/>
</engineerTo>
<referedAttribute>0B0A1A5B-C22B-246D-BFEB-3C2A2CCC8721</referedAttribute>
<useDomainConstraints>false</useDomainConstraints>
<use>1</use>
<logicalDatatype>LOGDT011</logicalDatatype>
</Attribute>
<Attribute name="VALOR" id="3540E514-184D-C2AC-B975-BE823B1D6413">
<createdBy>Thales</createdBy>
<createdTime>2015-04-22 23:06:34 UTC</createdTime>
<generatorID>Gerado pelo usuário</generatorID>
<ownerDesignName>ACADEMIA_MODELO</ownerDesignName>
<engineerTo>
<item key="F20CE56D-E086-A2AE-A316-17F43A1A038C" value="true"/>
</engineerTo>
<useDomainConstraints>false</useDomainConstraints>
<use>1</use>
<logicalDatatype>LOGDT026</logicalDatatype>
<dataTypePrecision>8</dataTypePrecision>
<dataTypeScale>2</dataTypeScale>
</Attribute>
</attributes>
<identifiers itemClass="oracle.dbtools.crest.model.design.logical.CandidateKey">
<identifier id="2D7F29E7-CED7-B5F4-A686-0D09E41BB4BC" name="FATURA_ITEM PK">
<createdBy>Thales</createdBy>
<createdTime>2015-04-22 23:02:16 UTC</createdTime>
<generatorID>Gerado pelo usuário</generatorID>
<ownerDesignName>ACADEMIA_MODELO</ownerDesignName>
<shouldEngineer>false</shouldEngineer>
<engineerTo>
<item key="F20CE56D-E086-A2AE-A316-17F43A1A038C" value="false"/>
</engineerTo>
<pk>true</pk>
<newElementsIDs>68319054-8FF4-2D1A-2DAA-0559AEC9F247,FC847B89-A616-CE44-44B3-A9F7593576FE</newElementsIDs>
<usedAttributes>
<attributeRef>68319054-8FF4-2D1A-2DAA-0559AEC9F247</attributeRef>
<attributeRef>914913F9-E5B6-F9B1-A8F4-BD0EFB8A9E05</attributeRef>
</usedAttributes>
</identifier>
</identifiers>
</Entity>