<?xml version = '1.0' encoding = 'UTF-8'?>
<Entity class="oracle.dbtools.crest.model.design.logical.Entity" directorySegmentName="seg_0" id="C82FEEB5-FD40-5FDC-A840-B4188DDC4DC7" name="EVENTO">
<createdBy>Thales</createdBy>
<createdTime>2015-04-21 05:03:48 UTC</createdTime>
<generatorID>Gerado pelo usuário</generatorID>
<ownerDesignName>ACADEMIA_MODELO</ownerDesignName>
<engineerTo>
<item key="F20CE56D-E086-A2AE-A316-17F43A1A038C" value="true"/>
</engineerTo>
<adequatelyNormalized>NO</adequatelyNormalized>
<expectedVolumes>0</expectedVolumes>
<fwdEngineeringStrategyName>Single Table</fwdEngineeringStrategyName>
<growthPercent>0</growthPercent>
<growthType>Year</growthType>
<maxVolumes>9999999</maxVolumes>
<minVolumes>0</minVolumes>
<normalForm>Third</normalForm>
<attributes itemClass="oracle.dbtools.crest.model.design.logical.Attribute">
<Attribute name="COD_EVENTO" id="7A545171-DB30-9AF4-DE13-79D8B0A63770">
<createdBy>Thales</createdBy>
<createdTime>2015-04-21 05:03:56 UTC</createdTime>
<generatorID>Gerado pelo usuário</generatorID>
<ownerDesignName>ACADEMIA_MODELO</ownerDesignName>
<engineerTo>
<item key="F20CE56D-E086-A2AE-A316-17F43A1A038C" value="true"/>
</engineerTo>
<useDomainConstraints>false</useDomainConstraints>
<use>1</use>
<logicalDatatype>LOGDT011</logicalDatatype>
</Attribute>
<Attribute name="NOME" id="B83ADC3C-F535-C56A-69F4-3936FB2A6228">
<createdBy>Thales</createdBy>
<createdTime>2015-04-21 05:04:01 UTC</createdTime>
<generatorID>Gerado pelo usuário</generatorID>
<ownerDesignName>ACADEMIA_MODELO</ownerDesignName>
<engineerTo>
<item key="F20CE56D-E086-A2AE-A316-17F43A1A038C" value="true"/>
</engineerTo>
<useDomainConstraints>false</useDomainConstraints>
<use>1</use>
<logicalDatatype>A3A3C77D-0366-9768-FF89-1C25E56881C8</logicalDatatype>
<dataTypeSize>100</dataTypeSize>
</Attribute>
<Attribute name="DESCRICAO" id="EF58E408-8016-7EB7-C56A-BF79F1488612">
<createdBy>Thales</createdBy>
<createdTime>2015-04-21 05:04:08 UTC</createdTime>
<generatorID>Gerado pelo usuário</generatorID>
<ownerDesignName>ACADEMIA_MODELO</ownerDesignName>
<engineerTo>
<item key="F20CE56D-E086-A2AE-A316-17F43A1A038C" value="true"/>
</engineerTo>
<nullsAllowed>true</nullsAllowed>
<useDomainConstraints>false</useDomainConstraints>
<use>1</use>
<logicalDatatype>A3A3C77D-0366-9768-FF89-1C25E56881C8</logicalDatatype>
<dataTypeSize>500</dataTypeSize>
</Attribute>
<Attribute name="DT_EVENTO" id="CDD806B1-BCC1-D288-9251-E3923D536F89">
<createdBy>Thales</createdBy>
<createdTime>2015-04-21 05:04:19 UTC</createdTime>
<generatorID>Gerado pelo usuário</generatorID>
<ownerDesignName>ACADEMIA_MODELO</ownerDesignName>
<engineerTo>
<item key="F20CE56D-E086-A2AE-A316-17F43A1A038C" value="true"/>
</engineerTo>
<useDomainConstraints>false</useDomainConstraints>
<use>1</use>
<logicalDatatype>LOGDT008</logicalDatatype>
</Attribute>
<Attribute name="DT_PUB_INICIO" id="4B3B6E9D-3DA9-8EDD-A8E3-EDB12E8778AE">
<createdBy>Thales</createdBy>
<createdTime>2015-04-21 05:04:29 UTC</createdTime>
<generatorID>Gerado pelo usuário</generatorID>
<ownerDesignName>ACADEMIA_MODELO</ownerDesignName>
<engineerTo>
<item key="F20CE56D-E086-A2AE-A316-17F43A1A038C" value="true"/>
</engineerTo>
<nullsAllowed>true</nullsAllowed>
<useDomainConstraints>false</useDomainConstraints>
<use>1</use>
<logicalDatatype>LOGDT008</logicalDatatype>
</Attribute>
<Attribute name="DT_PUB_FIM" id="58D95E74-67E3-54F7-ECA7-0F259EC820BD">
<createdBy>Thales</createdBy>
<createdTime>2015-04-21 05:04:46 UTC</createdTime>
<generatorID>Gerado pelo usuário</generatorID>
<ownerDesignName>ACADEMIA_MODELO</ownerDesignName>
<engineerTo>
<item key="F20CE56D-E086-A2AE-A316-17F43A1A038C" value="true"/>
</engineerTo>
<nullsAllowed>true</nullsAllowed>
<useDomainConstraints>false</useDomainConstraints>
<use>1</use>
<logicalDatatype>LOGDT008</logicalDatatype>
</Attribute>
<Attribute name="COD_FRANQUIA" id="1883A5A5-A453-F94A-8E43-9DCC12BDFA56">
<createdBy>Thales</createdBy>
<createdTime>2015-04-22 17:38:38 UTC</createdTime>
<generatorID>88AEC3E8-5865-32ED-F812-7C52B69601D0</generatorID>
<ownerDesignName>ACADEMIA_MODELO</ownerDesignName>
<engineerTo>
<item key="F20CE56D-E086-A2AE-A316-17F43A1A038C" value="true"/>
</engineerTo>
<referedAttribute>A61F18DE-8F4D-E1D9-37D7-14F2CF2E6AFB</referedAttribute>
<useDomainConstraints>false</useDomainConstraints>
<use>1</use>
<logicalDatatype>LOGDT011</logicalDatatype>
</Attribute>
<Attribute name="IMAGEM" id="7EFFD976-4DF4-435D-45B2-49CF275C87C2">
<createdBy>Gabriel</createdBy>
<createdTime>2015-05-04 00:36:57 UTC</createdTime>
<generatorID>Gerado pelo usuário</generatorID>
<ownerDesignName>ACADEMIA_MODELO</ownerDesignName>
<engineerTo>
<item key="F20CE56D-E086-A2AE-A316-17F43A1A038C" value="true"/>
</engineerTo>
<nullsAllowed>true</nullsAllowed>
<useDomainConstraints>false</useDomainConstraints>
<use>1</use>
<logicalDatatype>LOGDT010</logicalDatatype>
</Attribute>
</attributes>
<identifiers itemClass="oracle.dbtools.crest.model.design.logical.CandidateKey">
<identifier id="E45A2D2A-F354-AB0D-75F8-B03CD8EBC8FF" name="EVENTO PK">
<createdBy>Thales</createdBy>
<createdTime>2015-04-21 05:04:00 UTC</createdTime>
<generatorID>Gerado pelo usuário</generatorID>
<ownerDesignName>ACADEMIA_MODELO</ownerDesignName>
<shouldEngineer>false</shouldEngineer>
<engineerTo>
<item key="F20CE56D-E086-A2AE-A316-17F43A1A038C" value="false"/>
</engineerTo>
<pk>true</pk>
<newElementsIDs>7A545171-DB30-9AF4-DE13-79D8B0A63770</newElementsIDs>
<usedAttributes>
<attributeRef>7A545171-DB30-9AF4-DE13-79D8B0A63770</attributeRef>
</usedAttributes>
</identifier>
</identifiers>
</Entity>