<?xml version = '1.0' encoding = 'UTF-8'?>
<Entity class="oracle.dbtools.crest.model.design.logical.Entity" directorySegmentName="seg_0" id="EB7E1997-947A-7FAE-B95E-E74FA44149E7" name="PROMOCAO_ACUMULADA">
<createdBy>Thales</createdBy>
<createdTime>2015-04-20 22:17:54 UTC</createdTime>
<generatorID>Gerado pelo usuário</generatorID>
<ownerDesignName>ACADEMIA_MODELO</ownerDesignName>
<engineerTo>
<item key="F20CE56D-E086-A2AE-A316-17F43A1A038C" value="true"/>
</engineerTo>
<adequatelyNormalized>NO</adequatelyNormalized>
<expectedVolumes>0</expectedVolumes>
<fwdEngineeringStrategyName>Single Table</fwdEngineeringStrategyName>
<growthPercent>0</growthPercent>
<growthType>Year</growthType>
<maxVolumes>9999999</maxVolumes>
<minVolumes>0</minVolumes>
<normalForm>Third</normalForm>
<attributes itemClass="oracle.dbtools.crest.model.design.logical.Attribute">
<Attribute name="COD_PROMOCAO" id="1548AD44-99BC-7A67-DC35-0B43210B9046">
<createdBy>Thales</createdBy>
<createdTime>2015-04-22 22:13:46 UTC</createdTime>
<generatorID>C16B3105-DE86-F438-DA78-2F5F4F2823C8</generatorID>
<ownerDesignName>ACADEMIA_MODELO</ownerDesignName>
<engineerTo>
<item key="F20CE56D-E086-A2AE-A316-17F43A1A038C" value="true"/>
</engineerTo>
<referedAttribute>0E9791FB-B0D3-C615-AD66-8290BBC4B8B6</referedAttribute>
<useDomainConstraints>false</useDomainConstraints>
<use>1</use>
<logicalDatatype>LOGDT011</logicalDatatype>
</Attribute>
<Attribute name="COD_PROMOCAO_ACUMULADA" id="10DFA082-3534-3E6D-C5FA-C8FB1817263D">
<createdBy>Thales</createdBy>
<createdTime>2015-04-22 22:15:33 UTC</createdTime>
<generatorID>EC701A41-CBAE-3B1E-8B74-80D7FEF75C90</generatorID>
<ownerDesignName>ACADEMIA_MODELO</ownerDesignName>
<engineerTo>
<item key="F20CE56D-E086-A2AE-A316-17F43A1A038C" value="true"/>
</engineerTo>
<referedAttribute>0E9791FB-B0D3-C615-AD66-8290BBC4B8B6</referedAttribute>
<useDomainConstraints>false</useDomainConstraints>
<use>1</use>
<logicalDatatype>LOGDT011</logicalDatatype>
</Attribute>
</attributes>
<identifiers itemClass="oracle.dbtools.crest.model.design.logical.CandidateKey">
<identifier id="711DA7B0-AC32-CC35-25DF-10C00D5D2D34" name="PROMOCAO_ACUMULADA PK">
<createdBy>Thales</createdBy>
<createdTime>2015-04-22 14:54:41 UTC</createdTime>
<generatorID>Gerado pelo usuário</generatorID>
<ownerDesignName>ACADEMIA_MODELO</ownerDesignName>
<shouldEngineer>false</shouldEngineer>
<engineerTo>
<item key="F20CE56D-E086-A2AE-A316-17F43A1A038C" value="false"/>
</engineerTo>
<pk>true</pk>
<newElementsIDs>EC701A41-CBAE-3B1E-8B74-80D7FEF75C90,C16B3105-DE86-F438-DA78-2F5F4F2823C8</newElementsIDs>
<usedAttributes>
<attributeRef>10DFA082-3534-3E6D-C5FA-C8FB1817263D</attributeRef>
<attributeRef>1548AD44-99BC-7A67-DC35-0B43210B9046</attributeRef>
</usedAttributes>
</identifier>
</identifiers>
</Entity>