<?xml version = '1.0' encoding = 'UTF-8'?>
<Diagram class="oracle.dbtools.crest.swingui.relational.DPVRelationalSubView" name="FROM_LM_SV FRANQUIA" id="E3D2DC69-A3A6-330C-884B-4FC5FC9AE7A4">
<createdBy>lucasgomide</createdBy>
<createdTime>2015-05-06 14:00:28 UTC</createdTime>
<autoRoute>false</autoRoute>
<boxInbox>true</boxInbox>
<showLegend>false</showLegend>
<showLabels>false</showLabels>
<showRelAttributes>false</showRelAttributes>
<showGrid>false</showGrid>
<diagramColor>-1</diagramColor>
<display>false</display>
<notation>1</notation>
<objectViews>
<OView class="oracle.dbtools.crest.swingui.relational.TVTable" oid="06811827-8FBD-8886-1347-C63A307749C9" otype="Table" vid="155C7E7D-F1E8-C219-D59A-55001523CA4B">
<hideElementsInCurrentOnly>false</hideElementsInCurrentOnly>
<bounds x="3202" y="2319" width="237" height="92"/>
<useCustomFormat>true</useCustomFormat>
<useDefaultColor>false</useDefaultColor>
<backgroundColor>-13395457</backgroundColor>
<foregroundColor>-16776961</foregroundColor>
<fonts itemClass="oracle.dbtools.crest.model.design.FontObjectWr">
<FontObject>
<foType>Título</foType>
<fontStyle>1</fontStyle>
<colorRGB>-16776961</colorRGB>
</FontObject>
<FontObject>
<foType>Coluna</foType>
<colorRGB>-16777216</colorRGB>
</FontObject>
<FontObject>
<foType>Tipo de dados</foType>
<colorRGB>-16744448</colorRGB>
</FontObject>
<FontObject>
<foType>Elemento da Chave Primária</foType>
<colorRGB>-16776961</colorRGB>
</FontObject>
<FontObject>
<foType>Elemento da Chave Estrangeira</foType>
<colorRGB>-16777216</colorRGB>
</FontObject>
<FontObject>
<foType>Elemento de Chave Exclusiva</foType>
<colorRGB>-16776961</colorRGB>
</FontObject>
<FontObject>
<foType>NOT NULL</foType>
<colorRGB>-65536</colorRGB>
</FontObject>
<FontObject>
<foType>Chave</foType>
<colorRGB>-16777216</colorRGB>
</FontObject>
<FontObject>
<foType>Comments</foType>
<colorRGB>-12566464</colorRGB>
</FontObject>
</fonts>
</OView>
<OView class="oracle.dbtools.crest.swingui.relational.TVTable" oid="0D3BBF40-B128-006E-8391-3C93EF168630" otype="Table" vid="FC79A5DE-92F7-CCE6-5EB4-FDAB62A92755">
<hideElementsInCurrentOnly>false</hideElementsInCurrentOnly>
<bounds x="1465" y="1906" width="165" height="92"/>
<useCustomFormat>true</useCustomFormat>
<useDefaultColor>false</useDefaultColor>
<backgroundColor>-39373</backgroundColor>
<foregroundColor>-16776961</foregroundColor>
<fonts itemClass="oracle.dbtools.crest.model.design.FontObjectWr">
<FontObject>
<foType>Título</foType>
<fontStyle>1</fontStyle>
<colorRGB>-16776961</colorRGB>
</FontObject>
<FontObject>
<foType>Coluna</foType>
<colorRGB>-16777216</colorRGB>
</FontObject>
<FontObject>
<foType>Tipo de dados</foType>
<colorRGB>-16744448</colorRGB>
</FontObject>
<FontObject>
<foType>Elemento da Chave Primária</foType>
<colorRGB>-16776961</colorRGB>
</FontObject>
<FontObject>
<foType>Elemento da Chave Estrangeira</foType>
<colorRGB>-16777216</colorRGB>
</FontObject>
<FontObject>
<foType>Elemento de Chave Exclusiva</foType>
<colorRGB>-16776961</colorRGB>
</FontObject>
<FontObject>
<foType>NOT NULL</foType>
<colorRGB>-65536</colorRGB>
</FontObject>
<FontObject>
<foType>Chave</foType>
<colorRGB>-16777216</colorRGB>
</FontObject>
<FontObject>
<foType>Comments</foType>
<colorRGB>-12566464</colorRGB>
</FontObject>
</fonts>
</OView>
<OView class="oracle.dbtools.crest.swingui.relational.TVTable" oid="0E50581E-34EA-4478-8436-8E07D9CC0A64" otype="Table" vid="0821865B-01DA-B918-0448-5B22DED2F934">
<hideElementsInCurrentOnly>false</hideElementsInCurrentOnly>
<bounds x="764" y="3084" width="207" height="180"/>
<useCustomFormat>true</useCustomFormat>
<useDefaultColor>false</useDefaultColor>
<backgroundColor>-39322</backgroundColor>
<foregroundColor>-16776961</foregroundColor>
<fonts itemClass="oracle.dbtools.crest.model.design.FontObjectWr">
<FontObject>
<foType>Título</foType>
<fontStyle>1</fontStyle>
<colorRGB>-16776961</colorRGB>
</FontObject>
<FontObject>
<foType>Coluna</foType>
<colorRGB>-16777216</colorRGB>
</FontObject>
<FontObject>
<foType>Tipo de dados</foType>
<colorRGB>-16744448</colorRGB>
</FontObject>
<FontObject>
<foType>Elemento da Chave Primária</foType>
<colorRGB>-16776961</colorRGB>
</FontObject>
<FontObject>
<foType>Elemento da Chave Estrangeira</foType>
<colorRGB>-16777216</colorRGB>
</FontObject>
<FontObject>
<foType>Elemento de Chave Exclusiva</foType>
<colorRGB>-16776961</colorRGB>
</FontObject>
<FontObject>
<foType>NOT NULL</foType>
<colorRGB>-65536</colorRGB>
</FontObject>
<FontObject>
<foType>Chave</foType>
<colorRGB>-16777216</colorRGB>
</FontObject>
<FontObject>
<foType>Comments</foType>
<colorRGB>-12566464</colorRGB>
</FontObject>
</fonts>
</OView>
<OView class="oracle.dbtools.crest.swingui.relational.TVTable" oid="20CEBE15-C008-EBC6-DBD3-ADB9D4EAD90D" otype="Table" vid="BB38EABB-A19A-6897-FA7D-8B2759696CA5">
<hideElementsInCurrentOnly>false</hideElementsInCurrentOnly>
<bounds x="961" y="3293" width="170" height="114"/>
<useCustomFormat>true</useCustomFormat>
<useDefaultColor>false</useDefaultColor>
<backgroundColor>-10027162</backgroundColor>
<foregroundColor>-16776961</foregroundColor>
<fonts itemClass="oracle.dbtools.crest.model.design.FontObjectWr">
<FontObject>
<foType>Título</foType>
<fontStyle>1</fontStyle>
<colorRGB>-16776961</colorRGB>
</FontObject>
<FontObject>
<foType>Coluna</foType>
<colorRGB>-16777216</colorRGB>
</FontObject>
<FontObject>
<foType>Tipo de dados</foType>
<colorRGB>-16744448</colorRGB>
</FontObject>
<FontObject>
<foType>Elemento da Chave Primária</foType>
<colorRGB>-16776961</colorRGB>
</FontObject>
<FontObject>
<foType>Elemento da Chave Estrangeira</foType>
<colorRGB>-16777216</colorRGB>
</FontObject>
<FontObject>
<foType>Elemento de Chave Exclusiva</foType>
<colorRGB>-16776961</colorRGB>
</FontObject>
<FontObject>
<foType>NOT NULL</foType>
<colorRGB>-65536</colorRGB>
</FontObject>
<FontObject>
<foType>Chave</foType>
<colorRGB>-16777216</colorRGB>
</FontObject>
<FontObject>
<foType>Comments</foType>
<colorRGB>-12566464</colorRGB>
</FontObject>
</fonts>
</OView>
<OView class="oracle.dbtools.crest.swingui.relational.TVTable" oid="213B27CF-F2DB-88AE-300C-5F757B24C1E6" otype="Table" vid="0764F02A-E576-A83C-7FF8-AB01101B20E1">
<hideElementsInCurrentOnly>false</hideElementsInCurrentOnly>
<bounds x="1828" y="2121" width="268" height="89"/>
<useCustomFormat>true</useCustomFormat>
<useDefaultColor>false</useDefaultColor>
<backgroundColor>-6684775</backgroundColor>
<foregroundColor>-16776961</foregroundColor>
<fonts itemClass="oracle.dbtools.crest.model.design.FontObjectWr">
<FontObject>
<foType>Título</foType>
<fontStyle>1</fontStyle>
<colorRGB>-16776961</colorRGB>
</FontObject>
<FontObject>
<foType>Coluna</foType>
<colorRGB>-16777216</colorRGB>
</FontObject>
<FontObject>
<foType>Tipo de dados</foType>
<colorRGB>-16744448</colorRGB>
</FontObject>
<FontObject>
<foType>Elemento da Chave Primária</foType>
<colorRGB>-16776961</colorRGB>
</FontObject>
<FontObject>
<foType>Elemento da Chave Estrangeira</foType>
<colorRGB>-16777216</colorRGB>
</FontObject>
<FontObject>
<foType>Elemento de Chave Exclusiva</foType>
<colorRGB>-16776961</colorRGB>
</FontObject>
<FontObject>
<foType>NOT NULL</foType>
<colorRGB>-65536</colorRGB>
</FontObject>
<FontObject>
<foType>Chave</foType>
<colorRGB>-16777216</colorRGB>
</FontObject>
<FontObject>
<foType>Comments</foType>
<colorRGB>-12566464</colorRGB>
</FontObject>
</fonts>
</OView>
<OView class="oracle.dbtools.crest.swingui.relational.TVTable" oid="3B3C874E-338F-9D32-5271-1A535A66DEF0" otype="Table" vid="C7DC820B-C475-3A0F-58A1-1D737EB2D21B">
<hideElementsInCurrentOnly>false</hideElementsInCurrentOnly>
<bounds x="3599" y="2369" width="432" height="145"/>
<useCustomFormat>true</useCustomFormat>
<useDefaultColor>false</useDefaultColor>
<backgroundColor>-103</backgroundColor>
<foregroundColor>-16776961</foregroundColor>
<fonts itemClass="oracle.dbtools.crest.model.design.FontObjectWr">
<FontObject>
<foType>Título</foType>
<fontStyle>1</fontStyle>
<colorRGB>-16776961</colorRGB>
</FontObject>
<FontObject>
<foType>Coluna</foType>
<colorRGB>-16777216</colorRGB>
</FontObject>
<FontObject>
<foType>Tipo de dados</foType>
<colorRGB>-16744448</colorRGB>
</FontObject>
<FontObject>
<foType>Elemento da Chave Primária</foType>
<colorRGB>-16776961</colorRGB>
</FontObject>
<FontObject>
<foType>Elemento da Chave Estrangeira</foType>
<colorRGB>-16777216</colorRGB>
</FontObject>
<FontObject>
<foType>Elemento de Chave Exclusiva</foType>
<colorRGB>-16776961</colorRGB>
</FontObject>
<FontObject>
<foType>NOT NULL</foType>
<colorRGB>-65536</colorRGB>
</FontObject>
<FontObject>
<foType>Chave</foType>
<colorRGB>-16777216</colorRGB>
</FontObject>
<FontObject>
<foType>Comments</foType>
<colorRGB>-12566464</colorRGB>
</FontObject>
</fonts>
</OView>
<OView class="oracle.dbtools.crest.swingui.relational.TVTable" oid="4B404C89-C83D-13EF-545A-FC1288AB5530" otype="Table" vid="34EC45F4-3020-9824-E30D-6FC712903662">
<hideElementsInCurrentOnly>false</hideElementsInCurrentOnly>
<bounds x="780" y="1125" width="387" height="126"/>
<useCustomFormat>true</useCustomFormat>
<useDefaultColor>false</useDefaultColor>
<backgroundColor>-6684775</backgroundColor>
<foregroundColor>-16776961</foregroundColor>
<fonts itemClass="oracle.dbtools.crest.model.design.FontObjectWr">
<FontObject>
<foType>Título</foType>
<fontStyle>1</fontStyle>
<colorRGB>-16776961</colorRGB>
</FontObject>
<FontObject>
<foType>Coluna</foType>
<colorRGB>-16777216</colorRGB>
</FontObject>
<FontObject>
<foType>Tipo de dados</foType>
<colorRGB>-16744448</colorRGB>
</FontObject>
<FontObject>
<foType>Elemento da Chave Primária</foType>
<colorRGB>-16776961</colorRGB>
</FontObject>
<FontObject>
<foType>Elemento da Chave Estrangeira</foType>
<colorRGB>-16777216</colorRGB>
</FontObject>
<FontObject>
<foType>Elemento de Chave Exclusiva</foType>
<colorRGB>-16776961</colorRGB>
</FontObject>
<FontObject>
<foType>NOT NULL</foType>
<colorRGB>-65536</colorRGB>
</FontObject>
<FontObject>
<foType>Chave</foType>
<colorRGB>-16777216</colorRGB>
</FontObject>
<FontObject>
<foType>Comments</foType>
<colorRGB>-12566464</colorRGB>
</FontObject>
</fonts>
</OView>
<OView class="oracle.dbtools.crest.swingui.relational.TVTable" oid="550D1CF5-6F68-44C7-1760-2E9181C60BF5" otype="Table" vid="8258323E-98B3-C5C1-87CB-22BD3F7097F2">
<hideElementsInCurrentOnly>false</hideElementsInCurrentOnly>
<bounds x="3952" y="1931" width="244" height="138"/>
<useCustomFormat>true</useCustomFormat>
<useDefaultColor>false</useDefaultColor>
<backgroundColor>-103</backgroundColor>
<foregroundColor>-16776961</foregroundColor>
<fonts itemClass="oracle.dbtools.crest.model.design.FontObjectWr">
<FontObject>
<foType>Título</foType>
<fontStyle>1</fontStyle>
<colorRGB>-16776961</colorRGB>
</FontObject>
<FontObject>
<foType>Coluna</foType>
<colorRGB>-16777216</colorRGB>
</FontObject>
<FontObject>
<foType>Tipo de dados</foType>
<colorRGB>-16744448</colorRGB>
</FontObject>
<FontObject>
<foType>Elemento da Chave Primária</foType>
<colorRGB>-16776961</colorRGB>
</FontObject>
<FontObject>
<foType>Elemento da Chave Estrangeira</foType>
<colorRGB>-16777216</colorRGB>
</FontObject>
<FontObject>
<foType>Elemento de Chave Exclusiva</foType>
<colorRGB>-16776961</colorRGB>
</FontObject>
<FontObject>
<foType>NOT NULL</foType>
<colorRGB>-65536</colorRGB>
</FontObject>
<FontObject>
<foType>Chave</foType>
<colorRGB>-16777216</colorRGB>
</FontObject>
<FontObject>
<foType>Comments</foType>
<colorRGB>-12566464</colorRGB>
</FontObject>
</fonts>
</OView>
<OView class="oracle.dbtools.crest.swingui.relational.TVTable" oid="57345BE1-6398-3E57-6DF8-8CA10BAF6BCF" otype="Table" vid="D9365877-3F56-3B04-FBE8-1B90D75E56D7">
<hideElementsInCurrentOnly>false</hideElementsInCurrentOnly>
<bounds x="2515" y="2221" width="180" height="167"/>
<useCustomFormat>true</useCustomFormat>
<useDefaultColor>false</useDefaultColor>
<backgroundColor>-13395457</backgroundColor>
<foregroundColor>-16776961</foregroundColor>
<fonts itemClass="oracle.dbtools.crest.model.design.FontObjectWr">
<FontObject>
<foType>Título</foType>
<fontStyle>1</fontStyle>
<colorRGB>-16776961</colorRGB>
</FontObject>
<FontObject>
<foType>Coluna</foType>
<colorRGB>-16777216</colorRGB>
</FontObject>
<FontObject>
<foType>Tipo de dados</foType>
<colorRGB>-16744448</colorRGB>
</FontObject>
<FontObject>
<foType>Elemento da Chave Primária</foType>
<colorRGB>-16776961</colorRGB>
</FontObject>
<FontObject>
<foType>Elemento da Chave Estrangeira</foType>
<colorRGB>-16777216</colorRGB>
</FontObject>
<FontObject>
<foType>Elemento de Chave Exclusiva</foType>
<colorRGB>-16776961</colorRGB>
</FontObject>
<FontObject>
<foType>NOT NULL</foType>
<colorRGB>-65536</colorRGB>
</FontObject>
<FontObject>
<foType>Chave</foType>
<colorRGB>-16777216</colorRGB>
</FontObject>
<FontObject>
<foType>Comments</foType>
<colorRGB>-12566464</colorRGB>
</FontObject>
</fonts>
</OView>
<OView class="oracle.dbtools.crest.swingui.relational.TVTable" oid="6C92A21A-C595-C075-21D0-996DCBA8F82C" otype="Table" vid="E106645D-74F6-7394-635D-C880DC18A6A6">
<hideElementsInCurrentOnly>false</hideElementsInCurrentOnly>
<bounds x="816" y="1511" width="179" height="80"/>
<useCustomFormat>true</useCustomFormat>
<useDefaultColor>false</useDefaultColor>
<backgroundColor>-6684775</backgroundColor>
<foregroundColor>-16776961</foregroundColor>
<fonts itemClass="oracle.dbtools.crest.model.design.FontObjectWr">
<FontObject>
<foType>Título</foType>
<fontStyle>1</fontStyle>
<colorRGB>-16776961</colorRGB>
</FontObject>
<FontObject>
<foType>Coluna</foType>
<colorRGB>-16777216</colorRGB>
</FontObject>
<FontObject>
<foType>Tipo de dados</foType>
<colorRGB>-16744448</colorRGB>
</FontObject>
<FontObject>
<foType>Elemento da Chave Primária</foType>
<colorRGB>-16776961</colorRGB>
</FontObject>
<FontObject>
<foType>Elemento da Chave Estrangeira</foType>
<colorRGB>-16777216</colorRGB>
</FontObject>
<FontObject>
<foType>Elemento de Chave Exclusiva</foType>
<colorRGB>-16776961</colorRGB>
</FontObject>
<FontObject>
<foType>NOT NULL</foType>
<colorRGB>-65536</colorRGB>
</FontObject>
<FontObject>
<foType>Chave</foType>
<colorRGB>-16777216</colorRGB>
</FontObject>
<FontObject>
<foType>Comments</foType>
<colorRGB>-12566464</colorRGB>
</FontObject>
</fonts>
</OView>
<OView class="oracle.dbtools.crest.swingui.relational.TVTable" oid="7439EEAA-856C-A90E-2AB0-F1299247834E" otype="Table" vid="C2E7F990-3205-868E-6222-BB0027F64484">
<hideElementsInCurrentOnly>false</hideElementsInCurrentOnly>
<bounds x="1900" y="1574" width="563" height="143"/>
<useCustomFormat>true</useCustomFormat>
<useDefaultColor>false</useDefaultColor>
<backgroundColor>-13369396</backgroundColor>
<foregroundColor>-16776961</foregroundColor>
<fonts itemClass="oracle.dbtools.crest.model.design.FontObjectWr">
<FontObject>
<foType>Título</foType>
<fontStyle>1</fontStyle>
<colorRGB>-16776961</colorRGB>
</FontObject>
<FontObject>
<foType>Coluna</foType>
<colorRGB>-16777216</colorRGB>
</FontObject>
<FontObject>
<foType>Tipo de dados</foType>
<colorRGB>-16744448</colorRGB>
</FontObject>
<FontObject>
<foType>Elemento da Chave Primária</foType>
<colorRGB>-16776961</colorRGB>
</FontObject>
<FontObject>
<foType>Elemento da Chave Estrangeira</foType>
<colorRGB>-16777216</colorRGB>
</FontObject>
<FontObject>
<foType>Elemento de Chave Exclusiva</foType>
<colorRGB>-16776961</colorRGB>
</FontObject>
<FontObject>
<foType>NOT NULL</foType>
<colorRGB>-65536</colorRGB>
</FontObject>
<FontObject>
<foType>Chave</foType>
<colorRGB>-16777216</colorRGB>
</FontObject>
<FontObject>
<foType>Comments</foType>
<colorRGB>-12566464</colorRGB>
</FontObject>
</fonts>
</OView>
<OView class="oracle.dbtools.crest.swingui.relational.TVTable" oid="7534638A-38FA-FCE9-8C2B-F6A7604D88EE" otype="Table" vid="9D15A0F6-02CA-8DE7-FB72-639E2182640F">
<hideElementsInCurrentOnly>false</hideElementsInCurrentOnly>
<bounds x="1612" y="1656" width="240" height="113"/>
<useCustomFormat>true</useCustomFormat>
<useDefaultColor>false</useDefaultColor>
<backgroundColor>-39373</backgroundColor>
<foregroundColor>-16776961</foregroundColor>
<fonts itemClass="oracle.dbtools.crest.model.design.FontObjectWr">
<FontObject>
<foType>Título</foType>
<fontStyle>1</fontStyle>
<colorRGB>-16776961</colorRGB>
</FontObject>
<FontObject>
<foType>Coluna</foType>
<colorRGB>-16777216</colorRGB>
</FontObject>
<FontObject>
<foType>Tipo de dados</foType>
<colorRGB>-16744448</colorRGB>
</FontObject>
<FontObject>
<foType>Elemento da Chave Primária</foType>
<colorRGB>-16776961</colorRGB>
</FontObject>
<FontObject>
<foType>Elemento da Chave Estrangeira</foType>
<colorRGB>-16777216</colorRGB>
</FontObject>
<FontObject>
<foType>Elemento de Chave Exclusiva</foType>
<colorRGB>-16776961</colorRGB>
</FontObject>
<FontObject>
<foType>NOT NULL</foType>
<colorRGB>-65536</colorRGB>
</FontObject>
<FontObject>
<foType>Chave</foType>
<colorRGB>-16777216</colorRGB>
</FontObject>
<FontObject>
<foType>Comments</foType>
<colorRGB>-12566464</colorRGB>
</FontObject>
</fonts>
</OView>
<OView class="oracle.dbtools.crest.swingui.relational.TVTable" oid="7D4C7FCB-09DD-6B46-A9F4-19D84AD30AFF" otype="Table" vid="8713CCCC-86F8-E950-0D57-756B16FC098A">
<hideElementsInCurrentOnly>false</hideElementsInCurrentOnly>
<bounds x="843" y="1337" width="187" height="82"/>
<useCustomFormat>true</useCustomFormat>
<useDefaultColor>false</useDefaultColor>
<backgroundColor>-6684775</backgroundColor>
<foregroundColor>-16776961</foregroundColor>
<fonts itemClass="oracle.dbtools.crest.model.design.FontObjectWr">
<FontObject>
<foType>Título</foType>
<fontStyle>1</fontStyle>
<colorRGB>-16776961</colorRGB>
</FontObject>
<FontObject>
<foType>Coluna</foType>
<colorRGB>-16777216</colorRGB>
</FontObject>
<FontObject>
<foType>Tipo de dados</foType>
<colorRGB>-16744448</colorRGB>
</FontObject>
<FontObject>
<foType>Elemento da Chave Primária</foType>
<colorRGB>-16776961</colorRGB>
</FontObject>
<FontObject>
<foType>Elemento da Chave Estrangeira</foType>
<colorRGB>-16777216</colorRGB>
</FontObject>
<FontObject>
<foType>Elemento de Chave Exclusiva</foType>
<colorRGB>-16776961</colorRGB>
</FontObject>
<FontObject>
<foType>NOT NULL</foType>
<colorRGB>-65536</colorRGB>
</FontObject>
<FontObject>
<foType>Chave</foType>
<colorRGB>-16777216</colorRGB>
</FontObject>
<FontObject>
<foType>Comments</foType>
<colorRGB>-12566464</colorRGB>
</FontObject>
</fonts>
</OView>
<OView class="oracle.dbtools.crest.swingui.relational.TVTable" oid="825E162B-8D97-D90E-4052-979131597E11" otype="Table" vid="5C6C651C-B96A-C786-BE45-46AA9A5B1B67">
<hideElementsInCurrentOnly>false</hideElementsInCurrentOnly>
<bounds x="2498" y="1930" width="168" height="109"/>
<useCustomFormat>true</useCustomFormat>
<useDefaultColor>false</useDefaultColor>
<backgroundColor>-10092442</backgroundColor>
<foregroundColor>-16776961</foregroundColor>
<fonts itemClass="oracle.dbtools.crest.model.design.FontObjectWr">
<FontObject>
<foType>Título</foType>
<fontStyle>1</fontStyle>
<colorRGB>-16776961</colorRGB>
</FontObject>
<FontObject>
<foType>Coluna</foType>
<colorRGB>-16777216</colorRGB>
</FontObject>
<FontObject>
<foType>Tipo de dados</foType>
<colorRGB>-16744448</colorRGB>
</FontObject>
<FontObject>
<foType>Elemento da Chave Primária</foType>
<colorRGB>-16776961</colorRGB>
</FontObject>
<FontObject>
<foType>Elemento da Chave Estrangeira</foType>
<colorRGB>-16777216</colorRGB>
</FontObject>
<FontObject>
<foType>Elemento de Chave Exclusiva</foType>
<colorRGB>-16776961</colorRGB>
</FontObject>
<FontObject>
<foType>NOT NULL</foType>
<colorRGB>-65536</colorRGB>
</FontObject>
<FontObject>
<foType>Chave</foType>
<colorRGB>-16777216</colorRGB>
</FontObject>
<FontObject>
<foType>Comments</foType>
<colorRGB>-12566464</colorRGB>
</FontObject>
</fonts>
</OView>
<OView class="oracle.dbtools.crest.swingui.relational.TVTable" oid="8C8A7E6D-9542-D790-46A5-1D69E1504EF6" otype="Table" vid="665771F7-EDBA-56C2-1909-1552C5C4D7F6">
<hideElementsInCurrentOnly>false</hideElementsInCurrentOnly>
<bounds x="4342" y="1924" width="200" height="132"/>
<useCustomFormat>true</useCustomFormat>
<useDefaultColor>false</useDefaultColor>
<backgroundColor>-103</backgroundColor>
<foregroundColor>-16776961</foregroundColor>
<fonts itemClass="oracle.dbtools.crest.model.design.FontObjectWr">
<FontObject>
<foType>Título</foType>
<fontStyle>1</fontStyle>
<colorRGB>-16776961</colorRGB>
</FontObject>
<FontObject>
<foType>Coluna</foType>
<colorRGB>-16777216</colorRGB>
</FontObject>
<FontObject>
<foType>Tipo de dados</foType>
<colorRGB>-16744448</colorRGB>
</FontObject>
<FontObject>
<foType>Elemento da Chave Primária</foType>
<colorRGB>-16776961</colorRGB>
</FontObject>
<FontObject>
<foType>Elemento da Chave Estrangeira</foType>
<colorRGB>-16777216</colorRGB>
</FontObject>
<FontObject>
<foType>Elemento de Chave Exclusiva</foType>
<colorRGB>-16776961</colorRGB>
</FontObject>
<FontObject>
<foType>NOT NULL</foType>
<colorRGB>-65536</colorRGB>
</FontObject>
<FontObject>
<foType>Chave</foType>
<colorRGB>-16777216</colorRGB>
</FontObject>
<FontObject>
<foType>Comments</foType>
<colorRGB>-12566464</colorRGB>
</FontObject>
</fonts>
</OView>
<OView class="oracle.dbtools.crest.swingui.relational.TVTable" oid="960946C6-0574-4C50-76D1-2AEAF8B71FE9" otype="Table" vid="04FB748E-08EC-3835-75BA-DCD085C46C38">
<hideElementsInCurrentOnly>false</hideElementsInCurrentOnly>
<bounds x="1204" y="2693" width="1013" height="567"/>
<useCustomFormat>true</useCustomFormat>
<useDefaultColor>false</useDefaultColor>
<backgroundColor>-10092442</backgroundColor>
<foregroundColor>-16776961</foregroundColor>
<fonts itemClass="oracle.dbtools.crest.model.design.FontObjectWr">
<FontObject>
<foType>Título</foType>
<fontStyle>1</fontStyle>
<colorRGB>-16776961</colorRGB>
</FontObject>
<FontObject>
<foType>Coluna</foType>
<colorRGB>-16777216</colorRGB>
</FontObject>
<FontObject>
<foType>Tipo de dados</foType>
<colorRGB>-16744448</colorRGB>
</FontObject>
<FontObject>
<foType>Elemento da Chave Primária</foType>
<colorRGB>-16776961</colorRGB>
</FontObject>
<FontObject>
<foType>Elemento da Chave Estrangeira</foType>
<colorRGB>-16777216</colorRGB>
</FontObject>
<FontObject>
<foType>Elemento de Chave Exclusiva</foType>
<colorRGB>-16776961</colorRGB>
</FontObject>
<FontObject>
<foType>NOT NULL</foType>
<colorRGB>-65536</colorRGB>
</FontObject>
<FontObject>
<foType>Chave</foType>
<colorRGB>-16777216</colorRGB>
</FontObject>
<FontObject>
<foType>Comments</foType>
<colorRGB>-12566464</colorRGB>
</FontObject>
</fonts>
</OView>
<OView class="oracle.dbtools.crest.swingui.relational.TVTable" oid="9672A9C7-07E1-CBD5-67ED-7344947BE7B2" otype="Table" vid="0A898C8D-DE02-FC03-87E5-86880F8421B6">
<hideElementsInCurrentOnly>false</hideElementsInCurrentOnly>
<bounds x="2850" y="2564" width="447" height="141"/>
<useCustomFormat>true</useCustomFormat>
<useDefaultColor>false</useDefaultColor>
<backgroundColor>-13395457</backgroundColor>
<foregroundColor>-16776961</foregroundColor>
<fonts itemClass="oracle.dbtools.crest.model.design.FontObjectWr">
<FontObject>
<foType>Título</foType>
<fontStyle>1</fontStyle>
<colorRGB>-16776961</colorRGB>
</FontObject>
<FontObject>
<foType>Coluna</foType>
<colorRGB>-16777216</colorRGB>
</FontObject>
<FontObject>
<foType>Tipo de dados</foType>
<colorRGB>-16744448</colorRGB>
</FontObject>
<FontObject>
<foType>Elemento da Chave Primária</foType>
<colorRGB>-16776961</colorRGB>
</FontObject>
<FontObject>
<foType>Elemento da Chave Estrangeira</foType>
<colorRGB>-16777216</colorRGB>
</FontObject>
<FontObject>
<foType>Elemento de Chave Exclusiva</foType>
<colorRGB>-16776961</colorRGB>
</FontObject>
<FontObject>
<foType>NOT NULL</foType>
<colorRGB>-65536</colorRGB>
</FontObject>
<FontObject>
<foType>Chave</foType>
<colorRGB>-16777216</colorRGB>
</FontObject>
<FontObject>
<foType>Comments</foType>
<colorRGB>-12566464</colorRGB>
</FontObject>
</fonts>
</OView>
<OView class="oracle.dbtools.crest.swingui.relational.TVTable" oid="A7882D0B-FB42-65FD-0F3A-A24901B41DAF" otype="Table" vid="DB0E2005-9EB8-9FFE-8EE5-7FD537360B09">
<hideElementsInCurrentOnly>false</hideElementsInCurrentOnly>
<bounds x="3943" y="1709" width="265" height="113"/>
<useCustomFormat>true</useCustomFormat>
<useDefaultColor>false</useDefaultColor>
<backgroundColor>-103</backgroundColor>
<foregroundColor>-16776961</foregroundColor>
<fonts itemClass="oracle.dbtools.crest.model.design.FontObjectWr">
<FontObject>
<foType>Título</foType>
<fontStyle>1</fontStyle>
<colorRGB>-16776961</colorRGB>
</FontObject>
<FontObject>
<foType>Coluna</foType>
<colorRGB>-16777216</colorRGB>
</FontObject>
<FontObject>
<foType>Tipo de dados</foType>
<colorRGB>-16744448</colorRGB>
</FontObject>
<FontObject>
<foType>Elemento da Chave Primária</foType>
<colorRGB>-16776961</colorRGB>
</FontObject>
<FontObject>
<foType>Elemento da Chave Estrangeira</foType>
<colorRGB>-16777216</colorRGB>
</FontObject>
<FontObject>
<foType>Elemento de Chave Exclusiva</foType>
<colorRGB>-16776961</colorRGB>
</FontObject>
<FontObject>
<foType>NOT NULL</foType>
<colorRGB>-65536</colorRGB>
</FontObject>
<FontObject>
<foType>Chave</foType>
<colorRGB>-16777216</colorRGB>
</FontObject>
<FontObject>
<foType>Comments</foType>
<colorRGB>-12566464</colorRGB>
</FontObject>
</fonts>
</OView>
<OView class="oracle.dbtools.crest.swingui.relational.TVTable" oid="B3AA728C-DF1A-ABFE-A273-0D6A7E981C13" otype="Table" vid="867378E7-F2CC-98C1-C645-11C3E5012836">
<hideElementsInCurrentOnly>false</hideElementsInCurrentOnly>
<bounds x="1602" y="1532" width="337" height="441"/>
<useCustomFormat>true</useCustomFormat>
<useDefaultColor>false</useDefaultColor>
<backgroundColor>-10092442</backgroundColor>
<foregroundColor>-16776961</foregroundColor>
<fonts itemClass="oracle.dbtools.crest.model.design.FontObjectWr">
<FontObject>
<foType>Título</foType>
<fontStyle>1</fontStyle>
<colorRGB>-16776961</colorRGB>
</FontObject>
<FontObject>
<foType>Coluna</foType>
<colorRGB>-16777216</colorRGB>
</FontObject>
<FontObject>
<foType>Tipo de dados</foType>
<colorRGB>-16744448</colorRGB>
</FontObject>
<FontObject>
<foType>Elemento da Chave Primária</foType>
<colorRGB>-16776961</colorRGB>
</FontObject>
<FontObject>
<foType>Elemento da Chave Estrangeira</foType>
<colorRGB>-16777216</colorRGB>
</FontObject>
<FontObject>
<foType>Elemento de Chave Exclusiva</foType>
<colorRGB>-16776961</colorRGB>
</FontObject>
<FontObject>
<foType>NOT NULL</foType>
<colorRGB>-65536</colorRGB>
</FontObject>
<FontObject>
<foType>Chave</foType>
<colorRGB>-16777216</colorRGB>
</FontObject>
<FontObject>
<foType>Comments</foType>
<colorRGB>-12566464</colorRGB>
</FontObject>
</fonts>
</OView>
<OView class="oracle.dbtools.crest.swingui.relational.TVTable" oid="B4C959F9-E95D-745E-F2E7-9275D45B202F" otype="Table" vid="CD6CD85B-C7D4-D4E9-3CA0-33847A74CC65">
<hideElementsInCurrentOnly>false</hideElementsInCurrentOnly>
<bounds x="678" y="3292" width="170" height="113"/>
<useCustomFormat>true</useCustomFormat>
<useDefaultColor>false</useDefaultColor>
<backgroundColor>-10027162</backgroundColor>
<foregroundColor>-16776961</foregroundColor>
<fonts itemClass="oracle.dbtools.crest.model.design.FontObjectWr">
<FontObject>
<foType>Título</foType>
<fontStyle>1</fontStyle>
<colorRGB>-16776961</colorRGB>
</FontObject>
<FontObject>
<foType>Coluna</foType>
<colorRGB>-16777216</colorRGB>
</FontObject>
<FontObject>
<foType>Tipo de dados</foType>
<colorRGB>-16744448</colorRGB>
</FontObject>
<FontObject>
<foType>Elemento da Chave Primária</foType>
<colorRGB>-16776961</colorRGB>
</FontObject>
<FontObject>
<foType>Elemento da Chave Estrangeira</foType>
<colorRGB>-16777216</colorRGB>
</FontObject>
<FontObject>
<foType>Elemento de Chave Exclusiva</foType>
<colorRGB>-16776961</colorRGB>
</FontObject>
<FontObject>
<foType>NOT NULL</foType>
<colorRGB>-65536</colorRGB>
</FontObject>
<FontObject>
<foType>Chave</foType>
<colorRGB>-16777216</colorRGB>
</FontObject>
<FontObject>
<foType>Comments</foType>
<colorRGB>-12566464</colorRGB>
</FontObject>
</fonts>
</OView>
<OView class="oracle.dbtools.crest.swingui.relational.TVTable" oid="BE85F61D-8E1C-9231-0EDA-47D321CD6F46" otype="Table" vid="A2E57F49-8728-DF99-0B3F-A65BA38BE53D">
<hideElementsInCurrentOnly>false</hideElementsInCurrentOnly>
<bounds x="814" y="2134" width="198" height="103"/>
<useCustomFormat>true</useCustomFormat>
<useDefaultColor>false</useDefaultColor>
<backgroundColor>-6684775</backgroundColor>
<foregroundColor>-16776961</foregroundColor>
<fonts itemClass="oracle.dbtools.crest.model.design.FontObjectWr">
<FontObject>
<foType>Título</foType>
<fontStyle>1</fontStyle>
<colorRGB>-16776961</colorRGB>
</FontObject>
<FontObject>
<foType>Coluna</foType>
<colorRGB>-16777216</colorRGB>
</FontObject>
<FontObject>
<foType>Tipo de dados</foType>
<colorRGB>-16744448</colorRGB>
</FontObject>
<FontObject>
<foType>Elemento da Chave Primária</foType>
<colorRGB>-16776961</colorRGB>
</FontObject>
<FontObject>
<foType>Elemento da Chave Estrangeira</foType>
<colorRGB>-16777216</colorRGB>
</FontObject>
<FontObject>
<foType>Elemento de Chave Exclusiva</foType>
<colorRGB>-16776961</colorRGB>
</FontObject>
<FontObject>
<foType>NOT NULL</foType>
<colorRGB>-65536</colorRGB>
</FontObject>
<FontObject>
<foType>Chave</foType>
<colorRGB>-16777216</colorRGB>
</FontObject>
<FontObject>
<foType>Comments</foType>
<colorRGB>-12566464</colorRGB>
</FontObject>
</fonts>
</OView>
<OView class="oracle.dbtools.crest.swingui.relational.TVTable" oid="C26D056D-9826-330B-CD1B-79D47582CC59" otype="Table" vid="89D1F0FC-D3C8-4D94-4C80-B8433714A658">
<hideElementsInCurrentOnly>false</hideElementsInCurrentOnly>
<bounds x="2401" y="2537" width="348" height="113"/>
<useCustomFormat>true</useCustomFormat>
<useDefaultColor>false</useDefaultColor>
<backgroundColor>-13395457</backgroundColor>
<foregroundColor>-16776961</foregroundColor>
<fonts itemClass="oracle.dbtools.crest.model.design.FontObjectWr">
<FontObject>
<foType>Título</foType>
<fontStyle>1</fontStyle>
<colorRGB>-16776961</colorRGB>
</FontObject>
<FontObject>
<foType>Coluna</foType>
<colorRGB>-16777216</colorRGB>
</FontObject>
<FontObject>
<foType>Tipo de dados</foType>
<colorRGB>-16744448</colorRGB>
</FontObject>
<FontObject>
<foType>Elemento da Chave Primária</foType>
<colorRGB>-16776961</colorRGB>
</FontObject>
<FontObject>
<foType>Elemento da Chave Estrangeira</foType>
<colorRGB>-16777216</colorRGB>
</FontObject>
<FontObject>
<foType>Elemento de Chave Exclusiva</foType>
<colorRGB>-16776961</colorRGB>
</FontObject>
<FontObject>
<foType>NOT NULL</foType>
<colorRGB>-65536</colorRGB>
</FontObject>
<FontObject>
<foType>Chave</foType>
<colorRGB>-16777216</colorRGB>
</FontObject>
<FontObject>
<foType>Comments</foType>
<colorRGB>-12566464</colorRGB>
</FontObject>
</fonts>
</OView>
<OView class="oracle.dbtools.crest.swingui.relational.TVTable" oid="CA79456F-8246-82BB-0AAD-A7AE4353BC64" otype="Table" vid="4A831329-6307-E97E-92D0-7BB972DB6D33">
<hideElementsInCurrentOnly>false</hideElementsInCurrentOnly>
<bounds x="1488" y="2157" width="243" height="139"/>
<useCustomFormat>true</useCustomFormat>
<useDefaultColor>false</useDefaultColor>
<backgroundColor>-13369396</backgroundColor>
<foregroundColor>-16776961</foregroundColor>
<fonts itemClass="oracle.dbtools.crest.model.design.FontObjectWr">
<FontObject>
<foType>Título</foType>
<fontStyle>1</fontStyle>
<colorRGB>-16776961</colorRGB>
</FontObject>
<FontObject>
<foType>Coluna</foType>
<colorRGB>-16777216</colorRGB>
</FontObject>
<FontObject>
<foType>Tipo de dados</foType>
<colorRGB>-16744448</colorRGB>
</FontObject>
<FontObject>
<foType>Elemento da Chave Primária</foType>
<colorRGB>-16776961</colorRGB>
</FontObject>
<FontObject>
<foType>Elemento da Chave Estrangeira</foType>
<colorRGB>-16777216</colorRGB>
</FontObject>
<FontObject>
<foType>Elemento de Chave Exclusiva</foType>
<colorRGB>-16776961</colorRGB>
</FontObject>
<FontObject>
<foType>NOT NULL</foType>
<colorRGB>-65536</colorRGB>
</FontObject>
<FontObject>
<foType>Chave</foType>
<colorRGB>-16777216</colorRGB>
</FontObject>
<FontObject>
<foType>Comments</foType>
<colorRGB>-12566464</colorRGB>
</FontObject>
</fonts>
</OView>
<OView class="oracle.dbtools.crest.swingui.relational.TVTable" oid="D505DEB0-76FD-938A-71EB-CB0DAD9EAAE3" otype="Table" vid="3389A175-2D73-11EB-B6C5-ED7105A5F870">
<hideElementsInCurrentOnly>false</hideElementsInCurrentOnly>
<bounds x="367" y="1390" width="330" height="125"/>
<useCustomFormat>true</useCustomFormat>
<useDefaultColor>false</useDefaultColor>
<backgroundColor>-6684775</backgroundColor>
<foregroundColor>-16776961</foregroundColor>
<fonts itemClass="oracle.dbtools.crest.model.design.FontObjectWr">
<FontObject>
<foType>Título</foType>
<fontStyle>1</fontStyle>
<colorRGB>-16776961</colorRGB>
</FontObject>
<FontObject>
<foType>Coluna</foType>
<colorRGB>-16777216</colorRGB>
</FontObject>
<FontObject>
<foType>Tipo de dados</foType>
<colorRGB>-16744448</colorRGB>
</FontObject>
<FontObject>
<foType>Elemento da Chave Primária</foType>
<colorRGB>-16776961</colorRGB>
</FontObject>
<FontObject>
<foType>Elemento da Chave Estrangeira</foType>
<colorRGB>-16777216</colorRGB>
</FontObject>
<FontObject>
<foType>Elemento de Chave Exclusiva</foType>
<colorRGB>-16776961</colorRGB>
</FontObject>
<FontObject>
<foType>NOT NULL</foType>
<colorRGB>-65536</colorRGB>
</FontObject>
<FontObject>
<foType>Chave</foType>
<colorRGB>-16777216</colorRGB>
</FontObject>
<FontObject>
<foType>Comments</foType>
<colorRGB>-12566464</colorRGB>
</FontObject>
</fonts>
</OView>
<OView class="oracle.dbtools.crest.swingui.relational.TVTable" oid="DB69A798-5C00-7DB5-EAEB-5DAC584BBDE9" otype="Table" vid="CBC8A6EB-BDE2-B76C-9DA6-048D864E194B">
<hideElementsInCurrentOnly>false</hideElementsInCurrentOnly>
<bounds x="2842" y="2221" width="255" height="114"/>
<useCustomFormat>true</useCustomFormat>
<useDefaultColor>false</useDefaultColor>
<backgroundColor>-13395457</backgroundColor>
<foregroundColor>-16776961</foregroundColor>
<fonts itemClass="oracle.dbtools.crest.model.design.FontObjectWr">
<FontObject>
<foType>Título</foType>
<fontStyle>1</fontStyle>
<colorRGB>-16776961</colorRGB>
</FontObject>
<FontObject>
<foType>Coluna</foType>
<colorRGB>-16777216</colorRGB>
</FontObject>
<FontObject>
<foType>Tipo de dados</foType>
<colorRGB>-16744448</colorRGB>
</FontObject>
<FontObject>
<foType>Elemento da Chave Primária</foType>
<colorRGB>-16776961</colorRGB>
</FontObject>
<FontObject>
<foType>Elemento da Chave Estrangeira</foType>
<colorRGB>-16777216</colorRGB>
</FontObject>
<FontObject>
<foType>Elemento de Chave Exclusiva</foType>
<colorRGB>-16776961</colorRGB>
</FontObject>
<FontObject>
<foType>NOT NULL</foType>
<colorRGB>-65536</colorRGB>
</FontObject>
<FontObject>
<foType>Chave</foType>
<colorRGB>-16777216</colorRGB>
</FontObject>
<FontObject>
<foType>Comments</foType>
<colorRGB>-12566464</colorRGB>
</FontObject>
</fonts>
</OView>
<OView class="oracle.dbtools.crest.swingui.relational.TVTable" oid="DBF5D1D1-999C-19B6-546A-B5F2A8CCB775" otype="Table" vid="000D113B-704D-55AC-907C-63308DDB9DD8">
<hideElementsInCurrentOnly>false</hideElementsInCurrentOnly>
<bounds x="3978" y="2778" width="483" height="139"/>
<useCustomFormat>true</useCustomFormat>
<useDefaultColor>false</useDefaultColor>
<backgroundColor>-103</backgroundColor>
<foregroundColor>-16776961</foregroundColor>
<fonts itemClass="oracle.dbtools.crest.model.design.FontObjectWr">
<FontObject>
<foType>Título</foType>
<fontStyle>1</fontStyle>
<colorRGB>-16776961</colorRGB>
</FontObject>
<FontObject>
<foType>Coluna</foType>
<colorRGB>-16777216</colorRGB>
</FontObject>
<FontObject>
<foType>Tipo de dados</foType>
<colorRGB>-16744448</colorRGB>
</FontObject>
<FontObject>
<foType>Elemento da Chave Primária</foType>
<colorRGB>-16776961</colorRGB>
</FontObject>
<FontObject>
<foType>Elemento da Chave Estrangeira</foType>
<colorRGB>-16777216</colorRGB>
</FontObject>
<FontObject>
<foType>Elemento de Chave Exclusiva</foType>
<colorRGB>-16776961</colorRGB>
</FontObject>
<FontObject>
<foType>NOT NULL</foType>
<colorRGB>-65536</colorRGB>
</FontObject>
<FontObject>
<foType>Chave</foType>
<colorRGB>-16777216</colorRGB>
</FontObject>
<FontObject>
<foType>Comments</foType>
<colorRGB>-12566464</colorRGB>
</FontObject>
</fonts>
</OView>
<OView class="oracle.dbtools.crest.swingui.relational.TVTable" oid="DE2A77F1-F91C-74C3-F23D-0B05D915359F" otype="Table" vid="812D530A-9748-1D9A-B47F-97135A5CBCD1">
<hideElementsInCurrentOnly>false</hideElementsInCurrentOnly>
<bounds x="509" y="3110" width="148" height="118"/>
<useCustomFormat>true</useCustomFormat>
<useDefaultColor>false</useDefaultColor>
<backgroundColor>-39322</backgroundColor>
<foregroundColor>-16776961</foregroundColor>
<fonts itemClass="oracle.dbtools.crest.model.design.FontObjectWr">
<FontObject>
<foType>Título</foType>
<fontStyle>1</fontStyle>
<colorRGB>-16776961</colorRGB>
</FontObject>
<FontObject>
<foType>Coluna</foType>
<colorRGB>-16777216</colorRGB>
</FontObject>
<FontObject>
<foType>Tipo de dados</foType>
<colorRGB>-16744448</colorRGB>
</FontObject>
<FontObject>
<foType>Elemento da Chave Primária</foType>
<colorRGB>-16776961</colorRGB>
</FontObject>
<FontObject>
<foType>Elemento da Chave Estrangeira</foType>
<colorRGB>-16777216</colorRGB>
</FontObject>
<FontObject>
<foType>Elemento de Chave Exclusiva</foType>
<colorRGB>-16776961</colorRGB>
</FontObject>
<FontObject>
<foType>NOT NULL</foType>
<colorRGB>-65536</colorRGB>
</FontObject>
<FontObject>
<foType>Chave</foType>
<colorRGB>-16777216</colorRGB>
</FontObject>
<FontObject>
<foType>Comments</foType>
<colorRGB>-12566464</colorRGB>
</FontObject>
</fonts>
</OView>
<OView class="oracle.dbtools.crest.swingui.relational.TVTable" oid="E5034F3D-C81B-A54C-842C-427043D6671A" otype="Table" vid="993B29CF-6FB6-5199-F6EA-9B27B904F0D0">
<hideElementsInCurrentOnly>false</hideElementsInCurrentOnly>
<bounds x="1118" y="791" width="813" height="258"/>
</OView>
<OView class="oracle.dbtools.crest.swingui.relational.TVTable" oid="FAF14327-BD94-B166-2662-6EBF5B9D04E3" otype="Table" vid="5D3D2E34-DEEB-9A63-C2DF-285E574B16B3">
<hideElementsInCurrentOnly>false</hideElementsInCurrentOnly>
<bounds x="319" y="1727" width="414" height="128"/>
<useCustomFormat>true</useCustomFormat>
<useDefaultColor>false</useDefaultColor>
<backgroundColor>-6684775</backgroundColor>
<foregroundColor>-16776961</foregroundColor>
<fonts itemClass="oracle.dbtools.crest.model.design.FontObjectWr">
<FontObject>
<foType>Título</foType>
<fontStyle>1</fontStyle>
<colorRGB>-16776961</colorRGB>
</FontObject>
<FontObject>
<foType>Coluna</foType>
<colorRGB>-16777216</colorRGB>
</FontObject>
<FontObject>
<foType>Tipo de dados</foType>
<colorRGB>-16744448</colorRGB>
</FontObject>
<FontObject>
<foType>Elemento da Chave Primária</foType>
<colorRGB>-16776961</colorRGB>
</FontObject>
<FontObject>
<foType>Elemento da Chave Estrangeira</foType>
<colorRGB>-16777216</colorRGB>
</FontObject>
<FontObject>
<foType>Elemento de Chave Exclusiva</foType>
<colorRGB>-16776961</colorRGB>
</FontObject>
<FontObject>
<foType>NOT NULL</foType>
<colorRGB>-65536</colorRGB>
</FontObject>
<FontObject>
<foType>Chave</foType>
<colorRGB>-16777216</colorRGB>
</FontObject>
<FontObject>
<foType>Comments</foType>
<colorRGB>-12566464</colorRGB>
</FontObject>
</fonts>
</OView>
<OView class="oracle.dbtools.crest.swingui.relational.TVTable" oid="FDFE3A73-C59B-09CB-592C-8F9312516F84" otype="Table" vid="46C0FE38-4916-71A8-DA4B-3FB6270F598C">
<hideElementsInCurrentOnly>false</hideElementsInCurrentOnly>
<bounds x="807" y="1889" width="198" height="109"/>
<useCustomFormat>true</useCustomFormat>
<useDefaultColor>false</useDefaultColor>
<backgroundColor>-6684775</backgroundColor>
<foregroundColor>-16776961</foregroundColor>
<fonts itemClass="oracle.dbtools.crest.model.design.FontObjectWr">
<FontObject>
<foType>Título</foType>
<fontStyle>1</fontStyle>
<colorRGB>-16776961</colorRGB>
</FontObject>
<FontObject>
<foType>Coluna</foType>
<colorRGB>-16777216</colorRGB>
</FontObject>
<FontObject>
<foType>Tipo de dados</foType>
<colorRGB>-16744448</colorRGB>
</FontObject>
<FontObject>
<foType>Elemento da Chave Primária</foType>
<colorRGB>-16776961</colorRGB>
</FontObject>
<FontObject>
<foType>Elemento da Chave Estrangeira</foType>
<colorRGB>-16777216</colorRGB>
</FontObject>
<FontObject>
<foType>Elemento de Chave Exclusiva</foType>
<colorRGB>-16776961</colorRGB>
</FontObject>
<FontObject>
<foType>NOT NULL</foType>
<colorRGB>-65536</colorRGB>
</FontObject>
<FontObject>
<foType>Chave</foType>
<colorRGB>-16777216</colorRGB>
</FontObject>
<FontObject>
<foType>Comments</foType>
<colorRGB>-12566464</colorRGB>
</FontObject>
</fonts>
</OView>
</objectViews>
<connectors>
<Connector class="oracle.dbtools.crest.swingui.relational.TVFKRelation" oid="33824F45-26DE-AF46-F4F7-944F35AFCB6A" otype="FKIndexAssociation" vid_source="0821865B-01DA-B918-0448-5B22DED2F934" vid_target="812D530A-9748-1D9A-B47F-97135A5CBCD1">
<hideElementsInCurrentOnly>false</hideElementsInCurrentOnly>
<lineWidth>1</lineWidth>
<points>
<point x="764" y="3169"/>
<point x="657" y="3169"/>
</points>
</Connector>
<Connector class="oracle.dbtools.crest.swingui.relational.TVFKRelation" oid="4031D89F-3222-D415-7552-AECA92EB3187" otype="FKIndexAssociation" vid_source="8713CCCC-86F8-E950-0D57-756B16FC098A" vid_target="5D3D2E34-DEEB-9A63-C2DF-285E574B16B3">
<hideElementsInCurrentOnly>false</hideElementsInCurrentOnly>
<lineWidth>1</lineWidth>
<points>
<point x="936" y="1419"/>
<point x="1204" y="1392"/>
</points>
</Connector>
<Connector class="oracle.dbtools.crest.swingui.relational.TVFKRelation" oid="432FA894-5FF2-68E8-F869-29F30473222D" otype="FKIndexAssociation" vid_source="993B29CF-6FB6-5199-F6EA-9B27B904F0D0" vid_target="34EC45F4-3020-9824-E30D-6FC712903662">
<hideElementsInCurrentOnly>false</hideElementsInCurrentOnly>
<lineWidth>1</lineWidth>
<points>
<point x="1142" y="1049"/>
<point x="1142" y="1125"/>
</points>
</Connector>
<Connector class="oracle.dbtools.crest.swingui.relational.TVFKRelation" oid="4808F56F-2D63-0607-80AF-9EAB59EB3C6C" otype="FKIndexAssociation" vid_source="8258323E-98B3-C5C1-87CB-22BD3F7097F2" vid_target="665771F7-EDBA-56C2-1909-1552C5C4D7F6">
<hideElementsInCurrentOnly>false</hideElementsInCurrentOnly>
<lineWidth>1</lineWidth>
<points>
<point x="4196" y="1993"/>
<point x="4342" y="1993"/>
</points>
</Connector>
<Connector class="oracle.dbtools.crest.swingui.relational.TVFKRelation" oid="48A520EC-690B-7278-D4EC-FFD2C61AAB4C" otype="FKIndexAssociation" vid_source="E106645D-74F6-7394-635D-C880DC18A6A6" vid_target="46C0FE38-4916-71A8-DA4B-3FB6270F598C">
<hideElementsInCurrentOnly>false</hideElementsInCurrentOnly>
<lineWidth>1</lineWidth>
<points>
<point x="905" y="1591"/>
<point x="915" y="1889"/>
</points>
</Connector>
<Connector class="oracle.dbtools.crest.swingui.relational.TVFKRelation" oid="4C80DF32-B448-0A5D-BB3F-CB45B5B8A84E" otype="FKIndexAssociation" vid_source="CD6CD85B-C7D4-D4E9-3CA0-33847A74CC65" vid_target="BB38EABB-A19A-6897-FA7D-8B2759696CA5">
<hideElementsInCurrentOnly>false</hideElementsInCurrentOnly>
<lineWidth>1</lineWidth>
<points>
<point x="848" y="3349"/>
<point x="961" y="3349"/>
</points>
</Connector>
<Connector class="oracle.dbtools.crest.swingui.relational.TVFKRelation" oid="4F75ED47-985E-33C8-3E8E-13D3FF32408A" otype="FKIndexAssociation" vid_source="CBC8A6EB-BDE2-B76C-9DA6-048D864E194B" vid_target="D9365877-3F56-3B04-FBE8-1B90D75E56D7">
<hideElementsInCurrentOnly>false</hideElementsInCurrentOnly>
<lineWidth>1</lineWidth>
<points>
<point x="3097" y="2276"/>
<point x="2695" y="2276"/>
</points>
</Connector>
<Connector class="oracle.dbtools.crest.swingui.relational.TVFKRelation" oid="56D251B3-B3F9-1101-5295-6BA34DE6C12D" otype="FKIndexAssociation" vid_source="993B29CF-6FB6-5199-F6EA-9B27B904F0D0" vid_target="C2E7F990-3205-868E-6222-BB0027F64484">
<hideElementsInCurrentOnly>false</hideElementsInCurrentOnly>
<lineWidth>1</lineWidth>
<points>
<point x="1915" y="1049"/>
<point x="1915" y="1574"/>
</points>
</Connector>
<Connector class="oracle.dbtools.crest.swingui.relational.TVFKRelation" oid="5CE3525F-8BC6-D801-6290-771A80ACF43A" otype="FKIndexAssociation" vid_source="04FB748E-08EC-3835-75BA-DCD085C46C38" vid_target="D9365877-3F56-3B04-FBE8-1B90D75E56D7">
<hideElementsInCurrentOnly>false</hideElementsInCurrentOnly>
<lineWidth>1</lineWidth>
<points>
<point x="2132" y="2693"/>
<point x="2132" y="2274"/>
<point x="2768" y="2274"/>
</points>
</Connector>
<Connector class="oracle.dbtools.crest.swingui.relational.TVFKRelation" oid="5F1EA411-0268-5636-C7FC-6354469F1038" otype="FKIndexAssociation" vid_source="0764F02A-E576-A83C-7FF8-AB01101B20E1" vid_target="993B29CF-6FB6-5199-F6EA-9B27B904F0D0">
<hideElementsInCurrentOnly>false</hideElementsInCurrentOnly>
<lineWidth>1</lineWidth>
<points>
<point x="1879" y="2121"/>
<point x="1879" y="1049"/>
</points>
</Connector>
<Connector class="oracle.dbtools.crest.swingui.relational.TVFKRelation" oid="67B3A225-959F-2F62-B2B7-CB9081560528" otype="FKIndexAssociation" vid_source="8713CCCC-86F8-E950-0D57-756B16FC098A" vid_target="34EC45F4-3020-9824-E30D-6FC712903662">
<hideElementsInCurrentOnly>false</hideElementsInCurrentOnly>
<lineWidth>1</lineWidth>
<points>
<point x="936" y="1337"/>
<point x="936" y="1251"/>
</points>
</Connector>
<Connector class="oracle.dbtools.crest.swingui.relational.TVFKRelation" oid="68E6EBC4-4558-646D-B811-94483D316D00" otype="FKIndexAssociation" vid_source="867378E7-F2CC-98C1-C645-11C3E5012836" vid_target="FC79A5DE-92F7-CCE6-5EB4-FDAB62A92755">
<hideElementsInCurrentOnly>false</hideElementsInCurrentOnly>
<lineWidth>1</lineWidth>
<points>
<point x="1547" y="1645"/>
<point x="1547" y="1906"/>
</points>
</Connector>
<Connector class="oracle.dbtools.crest.swingui.relational.TVFKRelation" oid="71968A20-1DD4-4C6F-F09B-71F12B08139D" otype="FKIndexAssociation" vid_source="E106645D-74F6-7394-635D-C880DC18A6A6" vid_target="3389A175-2D73-11EB-B6C5-ED7105A5F870">
<hideElementsInCurrentOnly>false</hideElementsInCurrentOnly>
<lineWidth>1</lineWidth>
<points>
<point x="816" y="1513"/>
<point x="697" y="1513"/>
</points>
</Connector>
<Connector class="oracle.dbtools.crest.swingui.relational.TVFKRelation" oid="782432D0-BDBD-4286-0F84-CD0A82059B8F" otype="FKIndexAssociation" vid_source="8713CCCC-86F8-E950-0D57-756B16FC098A" vid_target="3389A175-2D73-11EB-B6C5-ED7105A5F870">
<hideElementsInCurrentOnly>false</hideElementsInCurrentOnly>
<lineWidth>1</lineWidth>
<points>
<point x="843" y="1404"/>
<point x="697" y="1404"/>
</points>
</Connector>
<Connector class="oracle.dbtools.crest.swingui.relational.TVFKRelation" oid="86297874-02BA-9BF0-B71C-66C0894E2037" otype="FKIndexAssociation" vid_source="04FB748E-08EC-3835-75BA-DCD085C46C38" vid_target="000D113B-704D-55AC-907C-63308DDB9DD8">
<hideElementsInCurrentOnly>false</hideElementsInCurrentOnly>
<lineWidth>1</lineWidth>
<points>
<point x="2217" y="2847"/>
<point x="3978" y="2847"/>
</points>
</Connector>
<Connector class="oracle.dbtools.crest.swingui.relational.TVFKRelation" oid="939A8128-3A60-9F7F-0CF0-A7502AEDD7FC" otype="FKIndexAssociation" vid_source="DB0E2005-9EB8-9FFE-8EE5-7FD537360B09" vid_target="8258323E-98B3-C5C1-87CB-22BD3F7097F2">
<hideElementsInCurrentOnly>false</hideElementsInCurrentOnly>
<lineWidth>1</lineWidth>
<points>
<point x="4074" y="1822"/>
<point x="4074" y="1931"/>
</points>
</Connector>
<Connector class="oracle.dbtools.crest.swingui.relational.TVFKRelation" oid="93D75CBC-30DF-EA2D-07FE-25729900BCF5" otype="FKIndexAssociation" vid_source="BB38EABB-A19A-6897-FA7D-8B2759696CA5" vid_target="04FB748E-08EC-3835-75BA-DCD085C46C38">
<hideElementsInCurrentOnly>false</hideElementsInCurrentOnly>
<lineWidth>1</lineWidth>
<points>
<point x="1131" y="3293"/>
<point x="1531" y="2650"/>
<point x="1531" y="2693"/>
</points>
</Connector>
<Connector class="oracle.dbtools.crest.swingui.relational.TVFKRelation" oid="95686348-2F9D-E9B3-EB8C-32A04B141E90" otype="FKIndexAssociation" vid_source="04FB748E-08EC-3835-75BA-DCD085C46C38" vid_target="FC79A5DE-92F7-CCE6-5EB4-FDAB62A92755">
<hideElementsInCurrentOnly>false</hideElementsInCurrentOnly>
<lineWidth>1</lineWidth>
<points>
<point x="1547" y="2693"/>
<point x="1547" y="1998"/>
</points>
</Connector>
<Connector class="oracle.dbtools.crest.swingui.relational.TVFKRelation" oid="9F056A71-7DBD-DDED-8FD5-D18D7A139D90" otype="FKIndexAssociation" vid_source="46C0FE38-4916-71A8-DA4B-3FB6270F598C" vid_target="A2E57F49-8728-DF99-0B3F-A65BA38BE53D">
<hideElementsInCurrentOnly>false</hideElementsInCurrentOnly>
<lineWidth>1</lineWidth>
<points>
<point x="909" y="1998"/>
<point x="909" y="2134"/>
</points>
</Connector>
<Connector class="oracle.dbtools.crest.swingui.relational.TVFKRelation" oid="A8D1B972-A1B0-D5AA-DA01-84FF05DCAAAD" otype="FKIndexAssociation" vid_source="4A831329-6307-E97E-92D0-7BB972DB6D33" vid_target="C2E7F990-3205-868E-6222-BB0027F64484">
<hideElementsInCurrentOnly>false</hideElementsInCurrentOnly>
<lineWidth>1</lineWidth>
<points>
<point x="1609" y="2157"/>
<point x="2181" y="1717"/>
</points>
</Connector>
<Connector class="oracle.dbtools.crest.swingui.relational.TVFKRelation" oid="AE2212B2-C6DD-C647-D066-BC93F55DB81B" otype="FKIndexAssociation" vid_source="993B29CF-6FB6-5199-F6EA-9B27B904F0D0" vid_target="867378E7-F2CC-98C1-C645-11C3E5012836">
<hideElementsInCurrentOnly>false</hideElementsInCurrentOnly>
<lineWidth>1</lineWidth>
<points>
<point x="1567" y="1049"/>
<point x="1567" y="1204"/>
</points>
</Connector>
<Connector class="oracle.dbtools.crest.swingui.relational.TVFKRelation" oid="BCA91FBB-79D5-DCC9-B2E0-643D78BDFC68" otype="FKIndexAssociation" vid_source="A2E57F49-8728-DF99-0B3F-A65BA38BE53D" vid_target="993B29CF-6FB6-5199-F6EA-9B27B904F0D0">
<hideElementsInCurrentOnly>false</hideElementsInCurrentOnly>
<lineWidth>1</lineWidth>
<points>
<point x="1012" y="2134"/>
<point x="1242" y="1849"/>
<point x="1242" y="1049"/>
</points>
</Connector>
<Connector class="oracle.dbtools.crest.swingui.relational.TVFKRelation" oid="C3BD347A-291E-7936-0385-1678BA698F33" otype="FKIndexAssociation" vid_source="0764F02A-E576-A83C-7FF8-AB01101B20E1" vid_target="04FB748E-08EC-3835-75BA-DCD085C46C38">
<hideElementsInCurrentOnly>false</hideElementsInCurrentOnly>
<lineWidth>1</lineWidth>
<points>
<point x="1916" y="2210"/>
<point x="1916" y="2260"/>
<point x="2217" y="2693"/>
</points>
</Connector>
<Connector class="oracle.dbtools.crest.swingui.relational.TVFKRelation" oid="C3FEE355-A276-3DC7-B9BB-9ED3CE9C5AE9" otype="FKIndexAssociation" vid_source="A2E57F49-8728-DF99-0B3F-A65BA38BE53D" vid_target="04FB748E-08EC-3835-75BA-DCD085C46C38">
<hideElementsInCurrentOnly>false</hideElementsInCurrentOnly>
<lineWidth>1</lineWidth>
<points>
<point x="951" y="2237"/>
<point x="951" y="2581"/>
<point x="1204" y="2693"/>
</points>
</Connector>
<Connector class="oracle.dbtools.crest.swingui.relational.TVFKRelation" oid="CE8E0BC8-5E51-CC61-2693-C747C64A5FC0" otype="FKIndexAssociation" vid_source="155C7E7D-F1E8-C219-D59A-55001523CA4B" vid_target="0A898C8D-DE02-FC03-87E5-86880F8421B6">
<hideElementsInCurrentOnly>false</hideElementsInCurrentOnly>
<lineWidth>1</lineWidth>
<points>
<point x="3439" y="2409"/>
<point x="3297" y="2564"/>
</points>
</Connector>
<Connector class="oracle.dbtools.crest.swingui.relational.TVFKRelation" oid="D3E9BDAA-5ED4-996B-34CD-1269D834F92B" otype="FKIndexAssociation" vid_source="867378E7-F2CC-98C1-C645-11C3E5012836" vid_target="9D15A0F6-02CA-8DE7-FB72-639E2182640F">
<hideElementsInCurrentOnly>false</hideElementsInCurrentOnly>
<lineWidth>1</lineWidth>
<points>
<point x="1674" y="1645"/>
<point x="1674" y="1745"/>
</points>
</Connector>
<Connector class="oracle.dbtools.crest.swingui.relational.TVFKRelation" oid="D667A804-74B9-F235-64E4-9CE09D461FCB" otype="FKIndexAssociation" vid_source="5C6C651C-B96A-C786-BE45-46AA9A5B1B67" vid_target="D9365877-3F56-3B04-FBE8-1B90D75E56D7">
<hideElementsInCurrentOnly>false</hideElementsInCurrentOnly>
<lineWidth>1</lineWidth>
<points>
<point x="2630" y="2039"/>
<point x="2630" y="2076"/>
<point x="2597" y="2156"/>
<point x="2597" y="2221"/>
</points>
</Connector>
<Connector class="oracle.dbtools.crest.swingui.relational.TVFKRelation" oid="DA6561E6-D283-4C0D-54E5-FECACC89484B" otype="FKIndexAssociation" vid_source="D9365877-3F56-3B04-FBE8-1B90D75E56D7" vid_target="0A898C8D-DE02-FC03-87E5-86880F8421B6">
<hideElementsInCurrentOnly>false</hideElementsInCurrentOnly>
<lineWidth>1</lineWidth>
<points>
<point x="2695" y="2303"/>
<point x="3297" y="2564"/>
</points>
</Connector>
<Connector class="oracle.dbtools.crest.swingui.relational.TVFKRelation" oid="E21A72A1-CF5C-5558-64C2-EB1A68B27285" otype="FKIndexAssociation" vid_source="04FB748E-08EC-3835-75BA-DCD085C46C38" vid_target="0821865B-01DA-B918-0448-5B22DED2F934">
<hideElementsInCurrentOnly>false</hideElementsInCurrentOnly>
<lineWidth>1</lineWidth>
<points>
<point x="1204" y="3172"/>
<point x="971" y="3172"/>
</points>
</Connector>
<Connector class="oracle.dbtools.crest.swingui.relational.TVFKRelation" oid="E3F68A6D-397E-1074-298C-1E5FE1B2F8B1" otype="FKIndexAssociation" vid_source="04FB748E-08EC-3835-75BA-DCD085C46C38" vid_target="5D3D2E34-DEEB-9A63-C2DF-285E574B16B3">
<hideElementsInCurrentOnly>false</hideElementsInCurrentOnly>
<lineWidth>1</lineWidth>
<points>
<point x="1710" y="2693"/>
<point x="1411" y="1494"/>
</points>
</Connector>
<Connector class="oracle.dbtools.crest.swingui.relational.TVFKRelation" oid="F33ABA0D-C5A4-1623-5AF2-A942DE06E816" otype="FKIndexAssociation" vid_source="8258323E-98B3-C5C1-87CB-22BD3F7097F2" vid_target="C7DC820B-C475-3A0F-58A1-1D737EB2D21B">
<hideElementsInCurrentOnly>false</hideElementsInCurrentOnly>
<lineWidth>1</lineWidth>
<points>
<point x="3991" y="2069"/>
<point x="3991" y="2369"/>
</points>
</Connector>
<Connector class="oracle.dbtools.crest.swingui.relational.TVFKRelation" oid="F67D9CF8-91F2-2A17-9399-65A75DBDC1A6" otype="FKIndexAssociation" vid_source="04FB748E-08EC-3835-75BA-DCD085C46C38" vid_target="4A831329-6307-E97E-92D0-7BB972DB6D33">
<hideElementsInCurrentOnly>false</hideElementsInCurrentOnly>
<lineWidth>1</lineWidth>
<points>
<point x="1609" y="2693"/>
<point x="1609" y="2296"/>
</points>
</Connector>
<Connector class="oracle.dbtools.crest.swingui.relational.TVFKRelation" oid="F6CB3619-3DA6-E510-B253-83AB30FDE768" otype="FKIndexAssociation" vid_source="8258323E-98B3-C5C1-87CB-22BD3F7097F2" vid_target="665771F7-EDBA-56C2-1909-1552C5C4D7F6">
<hideElementsInCurrentOnly>false</hideElementsInCurrentOnly>
<lineWidth>1</lineWidth>
<points>
<point x="4196" y="2003"/>
<point x="4342" y="2003"/>
</points>
</Connector>
<Connector class="oracle.dbtools.crest.swingui.relational.TVFKRelation" oid="FAD9C098-9C37-E520-261C-D307BED30255" otype="FKIndexAssociation" vid_source="D9365877-3F56-3B04-FBE8-1B90D75E56D7" vid_target="89D1F0FC-D3C8-4D94-4C80-B8433714A658">
<hideElementsInCurrentOnly>false</hideElementsInCurrentOnly>
<lineWidth>1</lineWidth>
<points>
<point x="2605" y="2388"/>
<point x="2605" y="2537"/>
</points>
</Connector>
<Connector class="oracle.dbtools.crest.swingui.relational.TVFKRelation" oid="FFB18B0D-9DBF-16F4-5771-8174EA3D9056" otype="FKIndexAssociation" vid_source="8258323E-98B3-C5C1-87CB-22BD3F7097F2" vid_target="000D113B-704D-55AC-907C-63308DDB9DD8">
<hideElementsInCurrentOnly>false</hideElementsInCurrentOnly>
<lineWidth>1</lineWidth>
<points>
<point x="4093" y="1601"/>
<point x="4093" y="2778"/>
</points>
</Connector>
</connectors>
<arcs>
<Arc class="oracle.dbtools.crest.swingui.relational.TVFKArc" oid="70CD2FFD-8525-7699-FCDB-7FE3D270B3FB" otype="FKArc" vid="B0CC72F7-5883-8C59-80F5-4F27C4AE54F5">
<hideElementsInCurrentOnly>false</hideElementsInCurrentOnly>
<bounds x="1379" y="1184" width="377" height="481"/>
</Arc>
</arcs>
</Diagram>