<?xml version = '1.0' encoding = 'UTF-8'?>
<Table class="oracle.dbtools.crest.model.design.relational.Table" directorySegmentName="seg_1" id="BE198A66-64C0-6E69-505C-6240C5F1D45E" name="TP_VALOR_AVALIACAO">
<createdBy>Gabriel</createdBy>
<createdTime>2015-05-06 03:25:24 UTC</createdTime>
<generatorID>CB721C56-359A-CD53-CB6F-22F1D2D2F73A</generatorID>
<ownerDesignName>ACADEMIA_MODELO</ownerDesignName>
<allowColumnReorder>false</allowColumnReorder>
<existDependencyGenerateInDDl>true</existDependencyGenerateInDDl>
<columns itemClass="oracle.dbtools.crest.model.design.relational.Column">
<Column name="COD_TP_VALOR_AVALIACAO" id="2C44F89C-99C4-10B6-FEE3-31F1E4F259BC">
<createdBy>Gabriel</createdBy>
<createdTime>2015-05-06 03:25:24 UTC</createdTime>
<generatorID>F9624D47-9825-BE50-86F9-88D9266CBF60</generatorID>
<ownerDesignName>ACADEMIA_MODELO</ownerDesignName>
<useDomainConstraints>false</useDomainConstraints>
<use>1</use>
<logicalDatatype>LOGDT011</logicalDatatype>
<autoIncrementCycle>false</autoIncrementCycle>
</Column>
<Column name="NOME" id="33367FE6-3742-D998-1547-63868D7F5743">
<createdBy>Gabriel</createdBy>
<createdTime>2015-05-06 03:25:24 UTC</createdTime>
<generatorID>80D5EB82-B4E7-E695-A5BA-B3DCB7E6309F</generatorID>
<ownerDesignName>ACADEMIA_MODELO</ownerDesignName>
<nullsAllowed>true</nullsAllowed>
<useDomainConstraints>false</useDomainConstraints>
<use>1</use>
<logicalDatatype>A3A3C77D-0366-9768-FF89-1C25E56881C8</logicalDatatype>
<dataTypeSize>100</dataTypeSize>
<autoIncrementCycle>false</autoIncrementCycle>
</Column>
<Column name="VALOR" id="0D9F9300-3D40-219C-FE5B-DF541894BCBA">
<createdBy>Gabriel</createdBy>
<createdTime>2015-05-06 03:25:24 UTC</createdTime>
<comment>Valor de referencia para o faturamento.</comment>
<generatorID>B9C87D54-1B15-FB4C-D9AF-38FBA84B647E</generatorID>
<ownerDesignName>ACADEMIA_MODELO</ownerDesignName>
<nullsAllowed>true</nullsAllowed>
<useDomainConstraints>false</useDomainConstraints>
<use>1</use>
<logicalDatatype>LOGDT026</logicalDatatype>
<dataTypePrecision>8</dataTypePrecision>
<dataTypeScale>2</dataTypeScale>
<autoIncrementCycle>false</autoIncrementCycle>
</Column>
</columns>
<indexes itemClass="oracle.dbtools.crest.model.design.relational.Index">
<ind_PK_UK id="2238314E-40BD-07DC-5A2A-E02EDCF08385" name="TP_VALOR_AVALIACAO_PK">
<createdBy>Gabriel</createdBy>
<createdTime>2015-05-06 03:25:24 UTC</createdTime>
<generatorID>9C0F1B1B-728D-950A-8D27-B8BEE3EE51D9</generatorID>
<ownerDesignName>ACADEMIA_MODELO</ownerDesignName>
<pk>true</pk>
<indexState>Primary Constraint</indexState>
<isSurrogateKey>false</isSurrogateKey>
<indexColumnUsage>
<colUsage columnID="2C44F89C-99C4-10B6-FEE3-31F1E4F259BC"/>
</indexColumnUsage>
</ind_PK_UK>
</indexes>
</Table>