<?xml version = '1.0' encoding = 'UTF-8'?>
<relationalModel class="oracle.dbtools.crest.model.design.relational.RelationalDesign" name="Relational_1" id="F20CE56D-E086-A2AE-A316-17F43A1A038C" mainViewID="8DB77CF7-B2CB-3ED1-79FB-ACE1E50DA3AA">
<createdBy>Thales</createdBy>
<createdTime>2015-04-20 18:47:41 UTC</createdTime>
<generatorID>Gerado pelo usuário</generatorID>
<ownerDesignName>ACADEMIA_MODELO</ownerDesignName>
<shouldBeOpen>true</shouldBeOpen>
<selectedRDBMSSite>32076570-2523-435C-2E92-BF29817DFF70</selectedRDBMSSite>
</relationalModel>