<?xml version = '1.0' encoding = 'UTF-8'?>
<Diagram class="oracle.dbtools.crest.swingui.logical.DPVLogicalSubView" name="SV ALUNO" id="7ED6B959-67DF-D4B6-91BD-32E98C6C00A5">
<createdBy>Gabriel</createdBy>
<createdTime>2015-05-06 02:44:36 UTC</createdTime>
<autoRoute>false</autoRoute>
<boxInbox>true</boxInbox>
<showLegend>true</showLegend>
<showLabels>true</showLabels>
<showRelAttributes>true</showRelAttributes>
<showGrid>false</showGrid>
<diagramColor>-1</diagramColor>
<legendPosX>7</legendPosX>
<legendPosY>4</legendPosY>
<display>false</display>
<notation>2</notation>
<objectViews>
<OView class="oracle.dbtools.crest.swingui.logical.TVEntity" oid="12CD9F6A-3AB3-9EEF-A9DE-1248483834C0" otype="Entity" vid="2E55CC98-5CCF-15C3-9496-0E493026CB38">
<hideElementsInCurrentOnly>false</hideElementsInCurrentOnly>
<bounds x="1201" y="324" width="237" height="132"/>
</OView>
<OView class="oracle.dbtools.crest.swingui.logical.TVEntity" oid="3668CB44-87DD-5E04-DCFC-8CFC22871BBF" otype="Entity" vid="C85E38D7-128C-9FF7-59EA-D2A1FD029AC2">
<hideElementsInCurrentOnly>false</hideElementsInCurrentOnly>
<bounds x="925" y="90" width="248" height="77"/>
</OView>
<OView class="oracle.dbtools.crest.swingui.logical.TVEntity" oid="606C272A-1CA9-56D8-9071-C68FB6FADB32" otype="Entity" vid="47E0175F-B750-8899-E42C-49F853336D43">
<hideElementsInCurrentOnly>false</hideElementsInCurrentOnly>
<bounds x="104" y="320" width="322" height="120"/>
</OView>
<OView class="oracle.dbtools.crest.swingui.logical.TVEntity" oid="904EF7B5-1FBD-E70A-048D-ECC6F2DF8FB4" otype="Entity" vid="F5FFE55E-8EA9-6645-04D5-DD01E0DBA41D">
<hideElementsInCurrentOnly>false</hideElementsInCurrentOnly>
<bounds x="612" y="85" width="228" height="133"/>
</OView>
<OView class="oracle.dbtools.crest.swingui.logical.TVEntity" oid="C6420EE0-35B4-9047-4E45-811AE6E783AF" otype="Entity" vid="75E27ED0-E2A2-77A0-C179-1C777FFC6A3C">
<hideElementsInCurrentOnly>false</hideElementsInCurrentOnly>
<bounds x="292" y="78" width="170" height="114"/>
</OView>
<OView class="oracle.dbtools.crest.swingui.logical.TVEntity" oid="CD9326F7-CA47-65B3-F63C-57FADB1250E1" otype="Entity" vid="24ED138A-8453-54FB-4AAD-661C3DB5CC7F">
<hideElementsInCurrentOnly>false</hideElementsInCurrentOnly>
<bounds x="817" y="646" width="231" height="106"/>
</OView>
<OView class="oracle.dbtools.crest.swingui.logical.TVEntity" oid="F5070816-FD06-3CEB-5F9B-5B9985F01566" otype="Entity" vid="64562DD9-6F96-100B-84B7-45BF68B86E77">
<hideElementsInCurrentOnly>false</hideElementsInCurrentOnly>
<bounds x="593" y="319" width="448" height="119"/>
</OView>
</objectViews>
<connectors>
<Connector class="oracle.dbtools.crest.swingui.logical.TVRelation" oid="14BCB2E9-2299-B0C9-A64C-069907364697" otype="Relation" vid_source="47E0175F-B750-8899-E42C-49F853336D43" vid_target="64562DD9-6F96-100B-84B7-45BF68B86E77">
<hideElementsInCurrentOnly>false</hideElementsInCurrentOnly>
<lineWidth>1</lineWidth>
<points>
<point x="426" y="379"/>
<point x="593" y="379"/>
</points>
</Connector>
<Connector class="oracle.dbtools.crest.swingui.logical.TVRelation" oid="4DA22CF1-4E36-6B24-60D4-27B9B092AB25" otype="Relation" vid_source="F5FFE55E-8EA9-6645-04D5-DD01E0DBA41D" vid_target="75E27ED0-E2A2-77A0-C179-1C777FFC6A3C">
<hideElementsInCurrentOnly>false</hideElementsInCurrentOnly>
<lineWidth>1</lineWidth>
<points>
<point x="678" y="218"/>
<point x="462" y="192"/>
</points>
</Connector>
<Connector class="oracle.dbtools.crest.swingui.logical.TVRelation" oid="5464C56B-C985-2798-805D-3843FB8DDEB1" otype="Relation" vid_source="64562DD9-6F96-100B-84B7-45BF68B86E77" vid_target="2E55CC98-5CCF-15C3-9496-0E493026CB38">
<hideElementsInCurrentOnly>false</hideElementsInCurrentOnly>
<lineWidth>1</lineWidth>
<points>
<point x="1041" y="381"/>
<point x="1201" y="381"/>
</points>
</Connector>
<Connector class="oracle.dbtools.crest.swingui.logical.TVRelation" oid="6FDDB958-40C4-5CDD-6F95-8C5CFD9D69F1" otype="Relation" vid_source="F5FFE55E-8EA9-6645-04D5-DD01E0DBA41D" vid_target="F5FFE55E-8EA9-6645-04D5-DD01E0DBA41D">
<hideElementsInCurrentOnly>false</hideElementsInCurrentOnly>
<lineWidth>1</lineWidth>
<points>
<point x="840" y="151"/>
<point x="865" y="151"/>
<point x="865" y="241"/>
<point x="726" y="241"/>
<point x="726" y="218"/>
</points>
</Connector>
<Connector class="oracle.dbtools.crest.swingui.logical.TVRelation" oid="ADDD1949-E5A4-95AB-FD5B-F3B71991EA7E" otype="Relation" vid_source="F5FFE55E-8EA9-6645-04D5-DD01E0DBA41D" vid_target="64562DD9-6F96-100B-84B7-45BF68B86E77">
<hideElementsInCurrentOnly>false</hideElementsInCurrentOnly>
<lineWidth>1</lineWidth>
<points>
<point x="802" y="218"/>
<point x="802" y="438"/>
</points>
</Connector>
<Connector class="oracle.dbtools.crest.swingui.logical.TVRelation" oid="B519523D-51CD-D822-3F17-36F4382CF6AA" otype="Relation" vid_source="24ED138A-8453-54FB-4AAD-661C3DB5CC7F" vid_target="64562DD9-6F96-100B-84B7-45BF68B86E77">
<hideElementsInCurrentOnly>false</hideElementsInCurrentOnly>
<lineWidth>1</lineWidth>
<centerLabel class="oracle.dbtools.crest.model.design.Label">
<site>1</site>
<labelBounds x="0" y="0" width="161" height="62"/>
<fonts itemClass="oracle.dbtools.crest.model.design.FontObjectWr">
<FontObject>
<foType>NOT NULL</foType>
<colorRGB>-65536</colorRGB>
</FontObject>
<FontObject>
<foType>Atributo</foType>
<colorRGB>-16777216</colorRGB>
</FontObject>
<FontObject>
<foType>Tipo de dados</foType>
<colorRGB>-16744448</colorRGB>
</FontObject>
</fonts>
</centerLabel>
<points>
<point x="995" y="752"/>
<point x="995" y="438"/>
</points>
</Connector>
<Connector class="oracle.dbtools.crest.swingui.logical.TVRelation" oid="BAE6EDA8-2561-E730-00D8-C3428655FB3F" otype="Relation" vid_source="C85E38D7-128C-9FF7-59EA-D2A1FD029AC2" vid_target="64562DD9-6F96-100B-84B7-45BF68B86E77">
<hideElementsInCurrentOnly>false</hideElementsInCurrentOnly>
<lineWidth>1</lineWidth>
<centerLabel class="oracle.dbtools.crest.model.design.Label">
<site>1</site>
<labelBounds x="0" y="0" width="125" height="22"/>
<fonts itemClass="oracle.dbtools.crest.model.design.FontObjectWr">
<FontObject>
<foType>NOT NULL</foType>
<colorRGB>-65536</colorRGB>
</FontObject>
<FontObject>
<foType>Atributo</foType>
<colorRGB>-16777216</colorRGB>
</FontObject>
<FontObject>
<foType>Tipo de dados</foType>
<colorRGB>-16744448</colorRGB>
</FontObject>
</fonts>
</centerLabel>
<points>
<point x="1049" y="167"/>
<point x="1041" y="436"/>
</points>
</Connector>
</connectors>
</Diagram>