<?xml version = '1.0' encoding = 'UTF-8'?>
<InheritanceRelation class="oracle.dbtools.crest.model.design.logical.InheritanceRelation" name="Hierarchy_PESSOA_JURIDICA" directorySegmentName="seg_0" id="3483FBB5-202C-1D95-5CE1-59C8D3E2EF32">
<createdBy>Thales</createdBy>
<createdTime>2015-04-23 01:26:18 UTC</createdTime>
<generatorID>Gerado pelo usuário</generatorID>
<ownerDesignName>ACADEMIA_MODELO</ownerDesignName>
<engineerTo>
<item key="F20CE56D-E086-A2AE-A316-17F43A1A038C" value="true"/>
</engineerTo>
<identifying>false</identifying>
<nameOnSource>Super Type</nameOnSource>
<nameOnTarget>Sub Type</nameOnTarget>
<optionalSource>true</optionalSource>
<optionalTarget>true</optionalTarget>
<sourceEntity>ECD02B41-A393-2101-C89A-E94A5F71F364</sourceEntity>
<targetEntity>E0473ABB-1ACC-F62C-7956-F6A282B69A16</targetEntity>
<transferable>true</transferable>
<deleteRule>NO ACTION</deleteRule>
</InheritanceRelation>