<?xml version = '1.0' encoding = 'UTF-8'?>
<InheritanceRelation class="oracle.dbtools.crest.model.design.logical.InheritanceRelation" name="Hierarchy_PESSOA_JURIDICA_LOJA" directorySegmentName="seg_0" id="53517956-FD3B-2BC5-B01F-21F3CD9BE8FD">
<createdBy>Thales</createdBy>
<createdTime>2015-04-23 00:20:19 UTC</createdTime>
<generatorID>Gerado pelo usuário</generatorID>
<ownerDesignName>ACADEMIA_MODELO</ownerDesignName>
<engineerTo>
<item key="F20CE56D-E086-A2AE-A316-17F43A1A038C" value="true"/>
</engineerTo>
<identifying>false</identifying>
<nameOnSource>Super Type</nameOnSource>
<nameOnTarget>Sub Type</nameOnTarget>
<optionalSource>true</optionalSource>
<optionalTarget>true</optionalTarget>
<sourceEntity>E0473ABB-1ACC-F62C-7956-F6A282B69A16</sourceEntity>
<targetEntity>BF404E42-4445-858B-F1CC-4C60AADDD7DC</targetEntity>
<transferable>true</transferable>
<deleteRule>NO ACTION</deleteRule>
</InheritanceRelation>