<?xml version = '1.0' encoding = 'UTF-8'?>
<InheritanceRelation class="oracle.dbtools.crest.model.design.logical.InheritanceRelation" name="Hierarchy_PESSOA_JURIDICA_FORNECEDOR" directorySegmentName="seg_0" id="7861EAEE-ACAD-92ED-3286-6A572C7085F5">
<createdBy>Thales</createdBy>
<createdTime>2015-04-23 00:21:13 UTC</createdTime>
<generatorID>Gerado pelo usuário</generatorID>
<ownerDesignName>ACADEMIA_MODELO</ownerDesignName>
<engineerTo>
<item key="F20CE56D-E086-A2AE-A316-17F43A1A038C" value="true"/>
</engineerTo>
<identifying>false</identifying>
<nameOnSource>Super Type</nameOnSource>
<nameOnTarget>Sub Type</nameOnTarget>
<optionalSource>true</optionalSource>
<optionalTarget>true</optionalTarget>
<sourceEntity>E0473ABB-1ACC-F62C-7956-F6A282B69A16</sourceEntity>
<targetEntity>3F75154B-E4A2-C5BC-2D25-A905FC4119CF</targetEntity>
<transferable>true</transferable>
<deleteRule>NO ACTION</deleteRule>
</InheritanceRelation>