<?xml version = '1.0' encoding = 'UTF-8'?>
<InheritanceRelation class="oracle.dbtools.crest.model.design.logical.InheritanceRelation" name="Hierarchy_PESSOA_FISICA_MEDICO" directorySegmentName="seg_0" id="B62FC5A7-98B8-4F4D-BAF2-99E2C7603F77">
<createdBy>Thales</createdBy>
<createdTime>2015-04-22 23:40:52 UTC</createdTime>
<generatorID>Gerado pelo usuário</generatorID>
<ownerDesignName>ACADEMIA_MODELO</ownerDesignName>
<engineerTo>
<item key="F20CE56D-E086-A2AE-A316-17F43A1A038C" value="true"/>
</engineerTo>
<identifying>false</identifying>
<nameOnSource>Super Type</nameOnSource>
<nameOnTarget>Sub Type</nameOnTarget>
<optionalSource>true</optionalSource>
<optionalTarget>true</optionalTarget>
<sourceEntity>B1361309-CF28-94C8-726F-A32BF7217A6F</sourceEntity>
<targetEntity>E0F18A6A-939F-76BE-8A9B-AF1F5970376F</targetEntity>
<transferable>true</transferable>
<deleteRule>NO ACTION</deleteRule>
</InheritanceRelation>