<?xml version = '1.0' encoding = 'UTF-8'?>
<FKIndexAssociation class="oracle.dbtools.crest.model.design.relational.FKIndexAssociation" directorySegmentName="seg_1" id="4CC584B3-90C1-1D7A-1B20-3995BE36377E" name="PESQUISA_FRANQUIA_FK">
<createdBy>Gabriel</createdBy>
<createdTime>2015-05-06 03:25:24 UTC</createdTime>
<generatorID>80A7F88A-3400-7F75-945F-F192DA193EF1</generatorID>
<ownerDesignName>ACADEMIA_MODELO</ownerDesignName>
<containerWithKeyObject>58468808-A012-D6DB-8653-28C05B8E1375</containerWithKeyObject>
<deleteRule>NO ACTION</deleteRule>
<localFKIndex>F051F149-C95C-2C8E-29EA-FE0745A6A1A0</localFKIndex>
<keyObject>DD82A6C0-A38E-48E8-A52A-66808A8F3F55</keyObject>
<mandatory>true</mandatory>
<transferable>true</transferable>
<columnDependencyConstraintGenerateInDDL>true</columnDependencyConstraintGenerateInDDL>
</FKIndexAssociation>