<?xml version = '1.0' encoding = 'UTF-8'?>
<FKIndexAssociation class="oracle.dbtools.crest.model.design.relational.FKIndexAssociation" directorySegmentName="seg_1" id="6C0CBBD0-F625-7DCB-B501-DCD1EF61E549" name="MEDICO_PESSOA_FISICA_FK">
<createdBy>Gabriel</createdBy>
<createdTime>2015-05-06 03:25:24 UTC</createdTime>
<generatorID>B62FC5A7-98B8-4F4D-BAF2-99E2C7603F77</generatorID>
<ownerDesignName>ACADEMIA_MODELO</ownerDesignName>
<arc>BBB96A57-1076-5F21-AF62-08FBD12F5D82</arc>
<containerWithKeyObject>FFF582A0-847F-63C9-6461-2761742AF3CF</containerWithKeyObject>
<deleteRule>NO ACTION</deleteRule>
<localFKIndex>57968B60-C044-592D-A31D-99905DF8C681</localFKIndex>
<keyObject>87F2BE72-C2C2-FAA5-6FF8-BB5E5070226F</keyObject>
<mandatory>true</mandatory>
<transferable>true</transferable>
<columnDependencyConstraintGenerateInDDL>true</columnDependencyConstraintGenerateInDDL>
</FKIndexAssociation>