<?xml version = '1.0' encoding = 'UTF-8'?>
<InheritanceRelation class="oracle.dbtools.crest.model.design.logical.InheritanceRelation" name="Hierarchy_FUNCIONARIO_INSTRUTOR" directorySegmentName="seg_0" id="03926794-B0EA-3463-58DE-BCF69F23B73B">
<createdBy>Thales</createdBy>
<createdTime>2015-04-20 20:35:54 UTC</createdTime>
<generatorID>Gerado pelo usuário</generatorID>
<ownerDesignName>ACADEMIA_MODELO</ownerDesignName>
<engineerTo>
<item key="F20CE56D-E086-A2AE-A316-17F43A1A038C" value="true"/>
</engineerTo>
<identifying>false</identifying>
<nameOnSource>Super Type</nameOnSource>
<nameOnTarget>Sub Type</nameOnTarget>
<optionalSource>true</optionalSource>
<optionalTarget>true</optionalTarget>
<sourceEntity>950D9A24-CEE9-1E40-B98B-090AADCFA77D</sourceEntity>
<targetEntity>2BECEAB6-480F-8B11-0751-79AA79B29CDE</targetEntity>
<transferable>true</transferable>
<deleteRule>NO ACTION</deleteRule>
</InheritanceRelation>