<?xml version = '1.0' encoding = 'UTF-8'?>
<InheritanceRelation class="oracle.dbtools.crest.model.design.logical.InheritanceRelation" name="Hierarchy_PESSOA_FISICA_FUNCIONARIO" directorySegmentName="seg_0" id="711A23E6-2EB3-1351-EA4A-65698232DB67">
<createdBy>Thales</createdBy>
<createdTime>2015-04-22 15:45:52 UTC</createdTime>
<generatorID>Gerado pelo usuário</generatorID>
<ownerDesignName>ACADEMIA_MODELO</ownerDesignName>
<engineerTo>
<item key="F20CE56D-E086-A2AE-A316-17F43A1A038C" value="true"/>
</engineerTo>
<identifying>false</identifying>
<nameOnSource>Super Type</nameOnSource>
<nameOnTarget>Sub Type</nameOnTarget>
<optionalSource>true</optionalSource>
<optionalTarget>true</optionalTarget>
<sourceEntity>B1361309-CF28-94C8-726F-A32BF7217A6F</sourceEntity>
<targetEntity>950D9A24-CEE9-1E40-B98B-090AADCFA77D</targetEntity>
<transferable>true</transferable>
<deleteRule>NO ACTION</deleteRule>
</InheritanceRelation>