<?xml version = '1.0' encoding = 'UTF-8'?>
<InheritanceRelation class="oracle.dbtools.crest.model.design.logical.InheritanceRelation" name="Hierarchy_PESSOA_FISICA_ALUNO" directorySegmentName="seg_0" id="92718DDA-F266-F86A-25E8-77CB4B895E15">
<createdBy>Thales</createdBy>
<createdTime>2015-04-20 21:20:27 UTC</createdTime>
<generatorID>Gerado pelo usuário</generatorID>
<ownerDesignName>ACADEMIA_MODELO</ownerDesignName>
<engineerTo>
<item key="F20CE56D-E086-A2AE-A316-17F43A1A038C" value="true"/>
</engineerTo>
<identifying>false</identifying>
<nameOnSource>Super Type</nameOnSource>
<nameOnTarget>Sub Type</nameOnTarget>
<optionalSource>true</optionalSource>
<optionalTarget>true</optionalTarget>
<sourceEntity>B1361309-CF28-94C8-726F-A32BF7217A6F</sourceEntity>
<targetEntity>F5070816-FD06-3CEB-5F9B-5B9985F01566</targetEntity>
<transferable>true</transferable>
<deleteRule>NO ACTION</deleteRule>
</InheritanceRelation>