<?xml version = '1.0' encoding = 'UTF-8'?>
<Relation class="oracle.dbtools.crest.model.design.logical.Relation" name="AVALIACAO_MEDICA TEM MEDICO" directorySegmentName="seg_1" id="901B3470-1F11-C5E9-B506-7DF74BBC3FAA">
<createdBy>Thales</createdBy>
<createdTime>2015-04-22 23:42:58 UTC</createdTime>
<generatorID>Gerado pelo usuário</generatorID>
<ownerDesignName>ACADEMIA_MODELO</ownerDesignName>
<engineerTo>
<item key="F20CE56D-E086-A2AE-A316-17F43A1A038C" value="true"/>
</engineerTo>
<sourcePk>2D726714-C832-1F52-ACBF-9BB1109CD896</sourcePk>
<identifying>false</identifying>
<optionalSource>true</optionalSource>
<optionalTarget>true</optionalTarget>
<sourceCardinality>1</sourceCardinality>
<sourceEntity>E0F18A6A-939F-76BE-8A9B-AF1F5970376F</sourceEntity>
<targetCardinalityString>*</targetCardinalityString>
<targetEntity>7FFA32E0-4BE1-FC14-A516-73AF0D95581D</targetEntity>
<transferable>true</transferable>
<deleteRule>NO ACTION</deleteRule>
</Relation>