<?xml version = '1.0' encoding = 'UTF-8'?>
<Relation class="oracle.dbtools.crest.model.design.logical.Relation" name="AVALIACAO_FISICA ESTÁ FATURA EM FATURA_ITEM" directorySegmentName="seg_1" id="B701AE72-4489-888B-9996-2085B12691BA">
<createdBy>Thales</createdBy>
<createdTime>2015-04-22 23:47:40 UTC</createdTime>
<generatorID>Gerado pelo usuário</generatorID>
<ownerDesignName>ACADEMIA_MODELO</ownerDesignName>
<engineerTo>
<item key="F20CE56D-E086-A2AE-A316-17F43A1A038C" value="true"/>
</engineerTo>
<sourcePk>2D7F29E7-CED7-B5F4-A686-0D09E41BB4BC</sourcePk>
<identifying>false</identifying>
<optionalSource>true</optionalSource>
<optionalTarget>false</optionalTarget>
<sourceCardinality>1</sourceCardinality>
<sourceEntity>1C7E0DBB-A04F-1050-7D86-C51F905EB114</sourceEntity>
<targetCardinalityString>*</targetCardinalityString>
<targetEntity>C1544174-59B2-A931-DDAB-2FFB7D83C8D9</targetEntity>
<transferable>true</transferable>
<deleteRule>NO ACTION</deleteRule>
</Relation>