<?xml version = '1.0' encoding = 'UTF-8'?>
<Relation class="oracle.dbtools.crest.model.design.logical.Relation" name="AVALIACAO_MEDICA ESTA FATURA_ITEM" directorySegmentName="seg_1" id="D7447CA0-A31D-2174-A3B3-8137B1B78FD0">
<createdBy>Thales</createdBy>
<createdTime>2015-04-22 23:18:09 UTC</createdTime>
<generatorID>Gerado pelo usuário</generatorID>
<ownerDesignName>ACADEMIA_MODELO</ownerDesignName>
<engineerTo>
<item key="F20CE56D-E086-A2AE-A316-17F43A1A038C" value="true"/>
</engineerTo>
<sourcePk>2D7F29E7-CED7-B5F4-A686-0D09E41BB4BC</sourcePk>
<identifying>false</identifying>
<optionalSource>true</optionalSource>
<optionalTarget>true</optionalTarget>
<sourceCardinality>1</sourceCardinality>
<sourceEntity>1C7E0DBB-A04F-1050-7D86-C51F905EB114</sourceEntity>
<targetCardinalityString>*</targetCardinalityString>
<targetEntity>7FFA32E0-4BE1-FC14-A516-73AF0D95581D</targetEntity>
<transferable>true</transferable>
<deleteRule>NO ACTION</deleteRule>
</Relation>