<?xml version = '1.0' encoding = 'UTF-8'?>
<Relation class="oracle.dbtools.crest.model.design.logical.Relation" name="FATURA_ITEM DESCRIMINA FATURA" directorySegmentName="seg_1" id="FC847B89-A616-CE44-44B3-A9F7593576FE">
<createdBy>Thales</createdBy>
<createdTime>2015-04-22 23:00:28 UTC</createdTime>
<generatorID>Gerado pelo usuário</generatorID>
<ownerDesignName>ACADEMIA_MODELO</ownerDesignName>
<engineerTo>
<item key="F20CE56D-E086-A2AE-A316-17F43A1A038C" value="true"/>
</engineerTo>
<sourcePk>93F4C918-D677-29BD-8276-8A02484CDEEC</sourcePk>
<identifying>true</identifying>
<optionalSource>false</optionalSource>
<optionalTarget>false</optionalTarget>
<sourceCardinality>1</sourceCardinality>
<sourceEntity>6CFDC714-CD01-1961-2024-F9357EAE4658</sourceEntity>
<targetCardinalityString>*</targetCardinalityString>
<targetEntity>1C7E0DBB-A04F-1050-7D86-C51F905EB114</targetEntity>
<transferable>true</transferable>
<deleteRule>NO ACTION</deleteRule>
</Relation>