<?xml version = '1.0' encoding = 'UTF-8'?>
<Table class="oracle.dbtools.crest.model.design.relational.Table" directorySegmentName="seg_0" id="B3AA728C-DF1A-ABFE-A273-0D6A7E981C13" name="PESSOA_JURIDICA">
<createdBy>Gabriel</createdBy>
<createdTime>2015-05-06 03:25:24 UTC</createdTime>
<generatorID>E0473ABB-1ACC-F62C-7956-F6A282B69A16</generatorID>
<ownerDesignName>ACADEMIA_MODELO</ownerDesignName>
<allowColumnReorder>false</allowColumnReorder>
<existDependencyGenerateInDDl>true</existDependencyGenerateInDDl>
<columns itemClass="oracle.dbtools.crest.model.design.relational.Column">
<Column name="COD_PESSOA" id="35B8AB6C-9BA0-3097-129D-EAA65C98968C">
<createdBy>Gabriel</createdBy>
<createdTime>2015-05-06 03:25:24 UTC</createdTime>
<generatorID>56E1FD82-16DB-62C1-54D3-AA2C75690333</generatorID>
<ownerDesignName>ACADEMIA_MODELO</ownerDesignName>
<useDomainConstraints>false</useDomainConstraints>
<use>1</use>
<logicalDatatype>LOGDT011</logicalDatatype>
<delegate>2D05B152-57EC-C0C3-CDF9-991B76E8217D</delegate>
<autoIncrementCycle>false</autoIncrementCycle>
<associations>
<colAssociation fkAssociation="AE2212B2-C6DD-C647-D066-BC93F55DB81B" referredColumn="2D05B152-57EC-C0C3-CDF9-991B76E8217D"/>
</associations>
</Column>
<Column name="NOME_FANTASIA" id="96CD9DBC-601D-FD9D-4F40-BD50DDCBF492">
<createdBy>Gabriel</createdBy>
<createdTime>2015-05-06 03:25:24 UTC</createdTime>
<generatorID>DFD2C70C-162D-F377-F233-D975FA244BD2</generatorID>
<ownerDesignName>ACADEMIA_MODELO</ownerDesignName>
<nullsAllowed>true</nullsAllowed>
<useDomainConstraints>false</useDomainConstraints>
<use>1</use>
<logicalDatatype>A3A3C77D-0366-9768-FF89-1C25E56881C8</logicalDatatype>
<dataTypeSize>100</dataTypeSize>
<autoIncrementCycle>false</autoIncrementCycle>
</Column>
<Column name="CNPJ" id="10E68956-3E48-60E6-2827-82D849D56F14">
<createdBy>Gabriel</createdBy>
<createdTime>2015-05-06 03:25:24 UTC</createdTime>
<generatorID>F63B91D1-A978-563E-595D-6932EAA16A3E</generatorID>
<ownerDesignName>ACADEMIA_MODELO</ownerDesignName>
<useDomainConstraints>false</useDomainConstraints>
<use>1</use>
<logicalDatatype>A3A3C77D-0366-9768-FF89-1C25E56881C8</logicalDatatype>
<dataTypeSize>14</dataTypeSize>
<autoIncrementCycle>false</autoIncrementCycle>
</Column>
<Column name="RAZAO_SOCIAL" id="92E90C95-18D8-D7C9-8467-B0CABEDA6989">
<createdBy>Gabriel</createdBy>
<createdTime>2015-05-06 03:25:24 UTC</createdTime>
<generatorID>5E2DD354-2267-FAF0-63CD-7C5D3A3714C9</generatorID>
<ownerDesignName>ACADEMIA_MODELO</ownerDesignName>
<useDomainConstraints>false</useDomainConstraints>
<use>1</use>
<logicalDatatype>A3A3C77D-0366-9768-FF89-1C25E56881C8</logicalDatatype>
<dataTypeSize>100</dataTypeSize>
<autoIncrementCycle>false</autoIncrementCycle>
</Column>
<Column name="SITE" id="F55A4C9F-7679-789A-757F-CE8B86CE231F">
<createdBy>Gabriel</createdBy>
<createdTime>2015-05-06 03:25:24 UTC</createdTime>
<generatorID>110C4842-AC99-C29C-61F3-2DD105FC75FF</generatorID>
<ownerDesignName>ACADEMIA_MODELO</ownerDesignName>
<nullsAllowed>true</nullsAllowed>
<useDomainConstraints>false</useDomainConstraints>
<use>1</use>
<logicalDatatype>A3A3C77D-0366-9768-FF89-1C25E56881C8</logicalDatatype>
<dataTypeSize>100</dataTypeSize>
<autoIncrementCycle>false</autoIncrementCycle>
</Column>
</columns>
<indexes itemClass="oracle.dbtools.crest.model.design.relational.Index">
<ind_PK_UK id="B017EE1A-3082-B25A-0FB2-6EB445AEDEA4" name="PESSOA_JURIDICA_PK">
<createdBy>Gabriel</createdBy>
<createdTime>2015-05-06 03:25:24 UTC</createdTime>
<generatorID>2D726714-C832-1F52-ACBF-9BB1109CD896</generatorID>
<ownerDesignName>ACADEMIA_MODELO</ownerDesignName>
<pk>true</pk>
<indexState>Primary Constraint</indexState>
<isSurrogateKey>false</isSurrogateKey>
<indexColumnUsage>
<colUsage columnID="35B8AB6C-9BA0-3097-129D-EAA65C98968C"/>
</indexColumnUsage>
</ind_PK_UK>
<ind_PK_UK id="92900631-C8AF-889B-BD34-6C600C55249B" name="PESSOA_JURIDICA_PESSOA_FK">
<createdBy>Gabriel</createdBy>
<createdTime>2015-05-06 03:25:24 UTC</createdTime>
<generatorID>3483FBB5-202C-1D95-5CE1-59C8D3E2EF32</generatorID>
<ownerDesignName>ACADEMIA_MODELO</ownerDesignName>
<indexState>Foreign Key</indexState>
<isSurrogateKey>false</isSurrogateKey>
<indexColumnUsage>
<colUsage columnID="35B8AB6C-9BA0-3097-129D-EAA65C98968C"/>
</indexColumnUsage>
</ind_PK_UK>
</indexes>
</Table>