<?xml version = '1.0' encoding = 'UTF-8'?>
<Table class="oracle.dbtools.crest.model.design.relational.Table" directorySegmentName="seg_0" id="EF212E6E-CBF0-1575-1F0E-31B6B75B8B51" name="FREQUENCIA">
<createdBy>Gabriel</createdBy>
<createdTime>2015-05-06 03:25:24 UTC</createdTime>
<generatorID>D20E764F-7FF7-FA85-1303-5CE2286454E8</generatorID>
<ownerDesignName>ACADEMIA_MODELO</ownerDesignName>
<allowColumnReorder>false</allowColumnReorder>
<existDependencyGenerateInDDl>true</existDependencyGenerateInDDl>
<columns itemClass="oracle.dbtools.crest.model.design.relational.Column">
<Column name="SEQ_FREQUENCIA" id="605B81E2-1D8C-A855-3D92-60C6A35E7F52">
<createdBy>Gabriel</createdBy>
<createdTime>2015-05-06 03:25:24 UTC</createdTime>
<generatorID>2C99EB89-9AD8-5D8C-F9B7-3550567C9171</generatorID>
<ownerDesignName>ACADEMIA_MODELO</ownerDesignName>
<useDomainConstraints>false</useDomainConstraints>
<use>1</use>
<logicalDatatype>LOGDT011</logicalDatatype>
<autoIncrementCycle>false</autoIncrementCycle>
</Column>
<Column name="DT_ENTRADA" id="BFB99C2F-8EA6-0D36-1AC7-C240BEE8966A">
<createdBy>Gabriel</createdBy>
<createdTime>2015-05-06 03:25:24 UTC</createdTime>
<generatorID>9DE67670-1880-C369-F6E5-ACAF608B5B35</generatorID>
<ownerDesignName>ACADEMIA_MODELO</ownerDesignName>
<useDomainConstraints>false</useDomainConstraints>
<use>1</use>
<logicalDatatype>LOGDT008</logicalDatatype>
<autoIncrementCycle>false</autoIncrementCycle>
</Column>
<Column name="DT_SAIDA" id="CF75B9AA-660F-2F8D-600A-68B7897DDB30">
<createdBy>Gabriel</createdBy>
<createdTime>2015-05-06 03:25:24 UTC</createdTime>
<generatorID>71BAC13B-0F40-B4FB-16D9-04545470E78B</generatorID>
<ownerDesignName>ACADEMIA_MODELO</ownerDesignName>
<nullsAllowed>true</nullsAllowed>
<useDomainConstraints>false</useDomainConstraints>
<use>1</use>
<logicalDatatype>LOGDT008</logicalDatatype>
<autoIncrementCycle>false</autoIncrementCycle>
</Column>
<Column name="PESSOA_FISICA_COD_PESSOA" id="441CCAC5-13EC-C6D3-AD52-4E1E43C0E075">
<createdBy>Gabriel</createdBy>
<createdTime>2015-05-06 03:25:24 UTC</createdTime>
<generatorID>EDC8975F-6C59-423C-EFBC-C05500C944E8</generatorID>
<ownerDesignName>ACADEMIA_MODELO</ownerDesignName>
<useDomainConstraints>false</useDomainConstraints>
<use>1</use>
<logicalDatatype>LOGDT011</logicalDatatype>
<delegate>367B5659-03B3-7362-FB53-944C098EC1D0</delegate>
<previousColumn>false</previousColumn>
<autoIncrementCycle>false</autoIncrementCycle>
<associations>
<colAssociation fkAssociation="508B91C7-4B6C-EE06-8C2F-E66B33EF2659" referredColumn="367B5659-03B3-7362-FB53-944C098EC1D0"/>
</associations>
</Column>
</columns>
<indexes itemClass="oracle.dbtools.crest.model.design.relational.Index">
<ind_PK_UK id="EC1EA506-9122-D07F-F1F4-70D1C5DB6825" name="FREQUENCIA_PK">
<createdBy>Gabriel</createdBy>
<createdTime>2015-05-06 03:25:24 UTC</createdTime>
<generatorID>5554BD19-F938-C41F-CE48-AF0A9742C357</generatorID>
<ownerDesignName>ACADEMIA_MODELO</ownerDesignName>
<pk>true</pk>
<indexState>Primary Constraint</indexState>
<isSurrogateKey>false</isSurrogateKey>
<indexColumnUsage>
<colUsage columnID="605B81E2-1D8C-A855-3D92-60C6A35E7F52"/>
<colUsage columnID="441CCAC5-13EC-C6D3-AD52-4E1E43C0E075"/>
</indexColumnUsage>
</ind_PK_UK>
<ind_PK_UK id="27773869-8FAA-07CE-9C06-120A37A18FCF" name="FREQUENCIA_PESSOA_FISICA_FK">
<createdBy>Gabriel</createdBy>
<createdTime>2015-05-06 03:59:38 UTC</createdTime>
<generatorID>72AD0806-0458-419D-4F04-355ED71A63E8</generatorID>
<ownerDesignName>ACADEMIA_MODELO</ownerDesignName>
<indexState>Foreign Key</indexState>
<isSurrogateKey>false</isSurrogateKey>
<indexColumnUsage>
<colUsage columnID="441CCAC5-13EC-C6D3-AD52-4E1E43C0E075"/>
</indexColumnUsage>
</ind_PK_UK>
</indexes>
</Table>