<?xml version = '1.0' encoding = 'UTF-8'?>
<Entity class="oracle.dbtools.crest.model.design.logical.Entity" directorySegmentName="seg_0" id="21FFB36D-22A5-0308-5915-7F6DFA6FF91A" name="PROMOCAO">
<createdBy>Thales</createdBy>
<createdTime>2015-04-20 22:14:54 UTC</createdTime>
<generatorID>Gerado pelo usuário</generatorID>
<ownerDesignName>ACADEMIA_MODELO</ownerDesignName>
<engineerTo>
<item key="F20CE56D-E086-A2AE-A316-17F43A1A038C" value="true"/>
</engineerTo>
<adequatelyNormalized>NO</adequatelyNormalized>
<expectedVolumes>0</expectedVolumes>
<fwdEngineeringStrategyName>Single Table</fwdEngineeringStrategyName>
<growthPercent>0</growthPercent>
<growthType>Year</growthType>
<maxVolumes>9999999</maxVolumes>
<minVolumes>0</minVolumes>
<normalForm>Third</normalForm>
<attributes itemClass="oracle.dbtools.crest.model.design.logical.Attribute">
<Attribute name="COD_PROMOCAO" id="0E9791FB-B0D3-C615-AD66-8290BBC4B8B6">
<createdBy>Thales</createdBy>
<createdTime>2015-04-20 22:15:01 UTC</createdTime>
<generatorID>Gerado pelo usuário</generatorID>
<ownerDesignName>ACADEMIA_MODELO</ownerDesignName>
<engineerTo>
<item key="F20CE56D-E086-A2AE-A316-17F43A1A038C" value="true"/>
</engineerTo>
<useDomainConstraints>false</useDomainConstraints>
<use>1</use>
<logicalDatatype>LOGDT011</logicalDatatype>
</Attribute>
<Attribute name="COD_FAIXA_ETARIA" id="85E15C5E-D9D5-F221-EFE6-F124A6DCFD1D">
<createdBy>Thales</createdBy>
<createdTime>2015-04-22 22:21:51 UTC</createdTime>
<generatorID>DE13A924-6426-1DB2-EE28-F097A6B15243</generatorID>
<ownerDesignName>ACADEMIA_MODELO</ownerDesignName>
<engineerTo>
<item key="F20CE56D-E086-A2AE-A316-17F43A1A038C" value="true"/>
</engineerTo>
<referedAttribute>67F07FE8-FCF7-5972-0209-9BDB76DFDFE8</referedAttribute>
<useDomainConstraints>false</useDomainConstraints>
<use>1</use>
<logicalDatatype>LOGDT011</logicalDatatype>
</Attribute>
<Attribute name="PORCENTAGEM" id="377F74C1-715C-A8DC-8DA9-D8551A30FDBF">
<createdBy>Thales</createdBy>
<createdTime>2015-04-20 22:15:10 UTC</createdTime>
<generatorID>Gerado pelo usuário</generatorID>
<ownerDesignName>ACADEMIA_MODELO</ownerDesignName>
<engineerTo>
<item key="F20CE56D-E086-A2AE-A316-17F43A1A038C" value="true"/>
</engineerTo>
<nullsAllowed>true</nullsAllowed>
<useDomainConstraints>false</useDomainConstraints>
<use>1</use>
<logicalDatatype>LOGDT011</logicalDatatype>
</Attribute>
<Attribute name="VALOR_FIXO" id="64F1FA11-78BF-B5F5-357D-C4599418FFE5">
<createdBy>Thales</createdBy>
<createdTime>2015-04-20 22:15:26 UTC</createdTime>
<generatorID>Gerado pelo usuário</generatorID>
<ownerDesignName>ACADEMIA_MODELO</ownerDesignName>
<engineerTo>
<item key="F20CE56D-E086-A2AE-A316-17F43A1A038C" value="true"/>
</engineerTo>
<nullsAllowed>true</nullsAllowed>
<useDomainConstraints>false</useDomainConstraints>
<use>1</use>
<logicalDatatype>LOGDT026</logicalDatatype>
<dataTypePrecision>8</dataTypePrecision>
<dataTypeScale>2</dataTypeScale>
</Attribute>
<Attribute name="VALOR_DESCONTO" id="226BEA40-16B9-EA6D-7823-1C31AC5FDD55">
<createdBy>Thales</createdBy>
<createdTime>2015-04-20 22:15:39 UTC</createdTime>
<generatorID>Gerado pelo usuário</generatorID>
<ownerDesignName>ACADEMIA_MODELO</ownerDesignName>
<engineerTo>
<item key="F20CE56D-E086-A2AE-A316-17F43A1A038C" value="true"/>
</engineerTo>
<nullsAllowed>true</nullsAllowed>
<useDomainConstraints>false</useDomainConstraints>
<use>1</use>
<logicalDatatype>LOGDT026</logicalDatatype>
<dataTypePrecision>8</dataTypePrecision>
<dataTypeScale>2</dataTypeScale>
</Attribute>
</attributes>
<identifiers itemClass="oracle.dbtools.crest.model.design.logical.CandidateKey">
<identifier id="127F966E-CCED-AED1-D2E1-C01894BE3750" name="PROMOCAO PK">
<createdBy>Thales</createdBy>
<createdTime>2015-04-20 22:15:08 UTC</createdTime>
<generatorID>Gerado pelo usuário</generatorID>
<ownerDesignName>ACADEMIA_MODELO</ownerDesignName>
<shouldEngineer>false</shouldEngineer>
<engineerTo>
<item key="F20CE56D-E086-A2AE-A316-17F43A1A038C" value="false"/>
</engineerTo>
<pk>true</pk>
<newElementsIDs>0E9791FB-B0D3-C615-AD66-8290BBC4B8B6</newElementsIDs>
<usedAttributes>
<attributeRef>0E9791FB-B0D3-C615-AD66-8290BBC4B8B6</attributeRef>
</usedAttributes>
</identifier>
</identifiers>
</Entity>