<?xml version = '1.0' encoding = 'UTF-8'?>
<Entity class="oracle.dbtools.crest.model.design.logical.Entity" directorySegmentName="seg_0" id="4CA1B6B0-5D19-2499-0F7F-326632F5D0D8" name="AVALIACAO_MODELO">
<createdBy>Gabriel</createdBy>
<createdTime>2015-05-03 04:28:16 UTC</createdTime>
<generatorID>Gerado pelo usuário</generatorID>
<notes>Avaliação modelo, onde será cadastrado os modelos de avaliação, assegurando que os atributos adequados sejam requisitados quando for realizada a avaliacao.</notes>
<ownerDesignName>ACADEMIA_MODELO</ownerDesignName>
<engineerTo>
<item key="F20CE56D-E086-A2AE-A316-17F43A1A038C" value="true"/>
</engineerTo>
<adequatelyNormalized>NO</adequatelyNormalized>
<expectedVolumes>0</expectedVolumes>
<fwdEngineeringStrategyName>Single Table</fwdEngineeringStrategyName>
<growthPercent>0</growthPercent>
<growthType>Year</growthType>
<maxVolumes>9999999</maxVolumes>
<minVolumes>0</minVolumes>
<normalForm>Third</normalForm>
<attributes itemClass="oracle.dbtools.crest.model.design.logical.Attribute">
<Attribute name="COD_MODELO" id="B2AC6633-EF43-2565-1B75-DEA3A85AFC07">
<createdBy>Gabriel</createdBy>
<createdTime>2015-05-03 04:28:34 UTC</createdTime>
<comment>Código do modelo de avaliação</comment>
<generatorID>Gerado pelo usuário</generatorID>
<ownerDesignName>ACADEMIA_MODELO</ownerDesignName>
<engineerTo>
<item key="F20CE56D-E086-A2AE-A316-17F43A1A038C" value="true"/>
</engineerTo>
<useDomainConstraints>false</useDomainConstraints>
<use>1</use>
<logicalDatatype>LOGDT011</logicalDatatype>
</Attribute>
<Attribute name="NOME" id="15869726-1ECA-669E-88F9-469AB11F77FE">
<createdBy>Gabriel</createdBy>
<createdTime>2015-05-03 04:28:46 UTC</createdTime>
<generatorID>Gerado pelo usuário</generatorID>
<ownerDesignName>ACADEMIA_MODELO</ownerDesignName>
<engineerTo>
<item key="F20CE56D-E086-A2AE-A316-17F43A1A038C" value="true"/>
</engineerTo>
<nullsAllowed>true</nullsAllowed>
<useDomainConstraints>false</useDomainConstraints>
<use>1</use>
<logicalDatatype>A3A3C77D-0366-9768-FF89-1C25E56881C8</logicalDatatype>
<dataTypeSize>100</dataTypeSize>
</Attribute>
<Attribute name="DESCRICAO" id="D3169682-5F04-AE2E-1662-722D87E47A4D">
<createdBy>Gabriel</createdBy>
<createdTime>2015-05-03 04:28:55 UTC</createdTime>
<generatorID>Gerado pelo usuário</generatorID>
<ownerDesignName>ACADEMIA_MODELO</ownerDesignName>
<engineerTo>
<item key="F20CE56D-E086-A2AE-A316-17F43A1A038C" value="true"/>
</engineerTo>
<nullsAllowed>true</nullsAllowed>
<useDomainConstraints>false</useDomainConstraints>
<use>1</use>
<logicalDatatype>A3A3C77D-0366-9768-FF89-1C25E56881C8</logicalDatatype>
<dataTypeSize>500</dataTypeSize>
</Attribute>
</attributes>
<identifiers itemClass="oracle.dbtools.crest.model.design.logical.CandidateKey">
<identifier id="4D3B0FAB-E87B-333A-6390-11BE7E89D644" name="AVALIACAO_MODELO PK">
<createdBy>Gabriel</createdBy>
<createdTime>2015-05-03 04:28:42 UTC</createdTime>
<generatorID>Gerado pelo usuário</generatorID>
<ownerDesignName>ACADEMIA_MODELO</ownerDesignName>
<shouldEngineer>false</shouldEngineer>
<engineerTo>
<item key="F20CE56D-E086-A2AE-A316-17F43A1A038C" value="false"/>
</engineerTo>
<pk>true</pk>
<newElementsIDs>B2AC6633-EF43-2565-1B75-DEA3A85AFC07</newElementsIDs>
<usedAttributes>
<attributeRef>B2AC6633-EF43-2565-1B75-DEA3A85AFC07</attributeRef>
</usedAttributes>
</identifier>
</identifiers>
</Entity>