<?xml version = '1.0' encoding = 'UTF-8'?>
<Entity class="oracle.dbtools.crest.model.design.logical.Entity" directorySegmentName="seg_0" id="573913A6-64D7-5833-4084-86FF7CC5DECE" name="ATESTADO">
<createdBy>Thales</createdBy>
<createdTime>2015-04-21 03:35:42 UTC</createdTime>
<generatorID>Gerado pelo usuário</generatorID>
<ownerDesignName>ACADEMIA_MODELO</ownerDesignName>
<engineerTo>
<item key="F20CE56D-E086-A2AE-A316-17F43A1A038C" value="true"/>
</engineerTo>
<adequatelyNormalized>NO</adequatelyNormalized>
<expectedVolumes>0</expectedVolumes>
<fwdEngineeringStrategyName>Single Table</fwdEngineeringStrategyName>
<growthPercent>0</growthPercent>
<growthType>Year</growthType>
<maxVolumes>9999999</maxVolumes>
<minVolumes>0</minVolumes>
<normalForm>Third</normalForm>
<attributes itemClass="oracle.dbtools.crest.model.design.logical.Attribute">
<Attribute name="COD_AVALIACAO_MEDICA" id="4EBCBAB7-DA13-CD1F-CFA7-ABCE4C9FD210">
<createdBy>Thales</createdBy>
<createdTime>2015-04-23 00:45:18 UTC</createdTime>
<generatorID>4E360B8C-C63F-22A4-0B2D-31A80277F539</generatorID>
<ownerDesignName>ACADEMIA_MODELO</ownerDesignName>
<engineerTo>
<item key="F20CE56D-E086-A2AE-A316-17F43A1A038C" value="true"/>
</engineerTo>
<referedAttribute>F1455CA0-CE12-4F79-966F-8EC9A13546E4</referedAttribute>
<useDomainConstraints>false</useDomainConstraints>
<use>1</use>
<logicalDatatype>LOGDT011</logicalDatatype>
</Attribute>
<Attribute name="DT_RECEBIMENTO" id="45612378-45D7-474E-1934-7D994FCE0A74">
<createdBy>Thales</createdBy>
<createdTime>2015-04-21 03:36:04 UTC</createdTime>
<generatorID>Gerado pelo usuário</generatorID>
<ownerDesignName>ACADEMIA_MODELO</ownerDesignName>
<engineerTo>
<item key="F20CE56D-E086-A2AE-A316-17F43A1A038C" value="true"/>
</engineerTo>
<useDomainConstraints>false</useDomainConstraints>
<use>1</use>
<logicalDatatype>LOGDT008</logicalDatatype>
</Attribute>
<Attribute name="IMAGEM" id="C16B4DE6-C38A-3144-A4C6-40E67F3AAA92">
<createdBy>Thales</createdBy>
<createdTime>2015-04-21 03:36:20 UTC</createdTime>
<generatorID>Gerado pelo usuário</generatorID>
<ownerDesignName>ACADEMIA_MODELO</ownerDesignName>
<engineerTo>
<item key="F20CE56D-E086-A2AE-A316-17F43A1A038C" value="true"/>
</engineerTo>
<nullsAllowed>true</nullsAllowed>
<useDomainConstraints>false</useDomainConstraints>
<use>1</use>
<logicalDatatype>LOGDT010</logicalDatatype>
</Attribute>
</attributes>
<identifiers itemClass="oracle.dbtools.crest.model.design.logical.CandidateKey">
<identifier id="EC3391C9-6A5F-65BD-936B-FB7722A98A85" name="ATESTADO PK">
<createdBy>Thales</createdBy>
<createdTime>2015-04-21 03:36:03 UTC</createdTime>
<generatorID>Gerado pelo usuário</generatorID>
<ownerDesignName>ACADEMIA_MODELO</ownerDesignName>
<shouldEngineer>false</shouldEngineer>
<engineerTo>
<item key="F20CE56D-E086-A2AE-A316-17F43A1A038C" value="false"/>
</engineerTo>
<pk>true</pk>
<newElementsIDs>4E360B8C-C63F-22A4-0B2D-31A80277F539</newElementsIDs>
<usedAttributes>
<attributeRef>4EBCBAB7-DA13-CD1F-CFA7-ABCE4C9FD210</attributeRef>
</usedAttributes>
</identifier>
</identifiers>
</Entity>