<?xml version = '1.0' encoding = 'UTF-8'?>
<Entity class="oracle.dbtools.crest.model.design.logical.Entity" directorySegmentName="seg_0" id="5E7E00E2-CA32-B201-2D72-BD302A8C694E" name="AVALIACAO_ATRIBUTOS">
<createdBy>Gabriel</createdBy>
<createdTime>2015-05-02 19:22:38 UTC</createdTime>
<generatorID>Gerado pelo usuário</generatorID>
<ownerDesignName>ACADEMIA_MODELO</ownerDesignName>
<engineerTo>
<item key="F20CE56D-E086-A2AE-A316-17F43A1A038C" value="true"/>
</engineerTo>
<adequatelyNormalized>NO</adequatelyNormalized>
<expectedVolumes>0</expectedVolumes>
<fwdEngineeringStrategyName>Single Table</fwdEngineeringStrategyName>
<growthPercent>0</growthPercent>
<growthType>Year</growthType>
<maxVolumes>9999999</maxVolumes>
<minVolumes>0</minVolumes>
<normalForm>Third</normalForm>
<attributes itemClass="oracle.dbtools.crest.model.design.logical.Attribute">
<Attribute name="COD_ATRIBUTO" id="2EC989D0-8091-9D93-0A88-9F4D02485D46">
<createdBy>Gabriel</createdBy>
<createdTime>2015-05-02 19:54:42 UTC</createdTime>
<comment>Código do atributo de avaliação</comment>
<generatorID>Gerado pelo usuário</generatorID>
<ownerDesignName>ACADEMIA_MODELO</ownerDesignName>
<engineerTo>
<item key="F20CE56D-E086-A2AE-A316-17F43A1A038C" value="true"/>
</engineerTo>
<useDomainConstraints>false</useDomainConstraints>
<use>1</use>
<logicalDatatype>LOGDT011</logicalDatatype>
</Attribute>
<Attribute name="COD_GRUPO_ATRIBUTOS" id="3B902C35-0D0E-8087-DF50-67C9294F2493">
<createdBy>Gabriel</createdBy>
<createdTime>2015-05-02 20:34:37 UTC</createdTime>
<generatorID>D8AA6153-F69C-0EC1-D0C9-F11F13D8BF75</generatorID>
<ownerDesignName>ACADEMIA_MODELO</ownerDesignName>
<engineerTo>
<item key="F20CE56D-E086-A2AE-A316-17F43A1A038C" value="true"/>
</engineerTo>
<referedAttribute>A3029C39-D58C-00D1-9B70-A9B1F4C28E00</referedAttribute>
<useDomainConstraints>false</useDomainConstraints>
<use>1</use>
<logicalDatatype>LOGDT011</logicalDatatype>
</Attribute>
<Attribute name="NOME" id="9B96628B-AD71-A070-2D6E-9AB01FF99588">
<createdBy>Gabriel</createdBy>
<createdTime>2015-05-02 19:26:58 UTC</createdTime>
<comment>Nome da parte avaliada (atributo)</comment>
<generatorID>Gerado pelo usuário</generatorID>
<ownerDesignName>ACADEMIA_MODELO</ownerDesignName>
<engineerTo>
<item key="F20CE56D-E086-A2AE-A316-17F43A1A038C" value="true"/>
</engineerTo>
<useDomainConstraints>false</useDomainConstraints>
<use>1</use>
<logicalDatatype>A3A3C77D-0366-9768-FF89-1C25E56881C8</logicalDatatype>
<dataTypeSize>100</dataTypeSize>
</Attribute>
<Attribute name="DESCRICAO" id="23756FFF-2F81-68B3-9579-71FE50D8A4C0">
<createdBy>Gabriel</createdBy>
<createdTime>2015-05-02 19:27:40 UTC</createdTime>
<comment>Descrição de como pegar essa informação, como medir o dado.</comment>
<generatorID>Gerado pelo usuário</generatorID>
<ownerDesignName>ACADEMIA_MODELO</ownerDesignName>
<engineerTo>
<item key="F20CE56D-E086-A2AE-A316-17F43A1A038C" value="true"/>
</engineerTo>
<nullsAllowed>true</nullsAllowed>
<useDomainConstraints>false</useDomainConstraints>
<use>1</use>
<logicalDatatype>A3A3C77D-0366-9768-FF89-1C25E56881C8</logicalDatatype>
<dataTypeSize>1000</dataTypeSize>
</Attribute>
<Attribute name="VALOR_MINIMO" id="ADFAB56B-3BD5-094B-D2BA-2FA3D57A9B7E">
<createdBy>Gabriel</createdBy>
<createdTime>2015-05-02 19:28:27 UTC</createdTime>
<comment>Valor de referência</comment>
<generatorID>Gerado pelo usuário</generatorID>
<ownerDesignName>ACADEMIA_MODELO</ownerDesignName>
<engineerTo>
<item key="F20CE56D-E086-A2AE-A316-17F43A1A038C" value="true"/>
</engineerTo>
<nullsAllowed>true</nullsAllowed>
<useDomainConstraints>false</useDomainConstraints>
<use>1</use>
<logicalDatatype>LOGDT026</logicalDatatype>
<dataTypePrecision>5</dataTypePrecision>
<dataTypeScale>2</dataTypeScale>
</Attribute>
<Attribute name="VALOR_MAXIMO" id="88EEC12A-E2FC-4B9C-BDB3-CE8BC987EA6E">
<createdBy>Gabriel</createdBy>
<createdTime>2015-05-02 19:28:28 UTC</createdTime>
<comment>Valor de referência</comment>
<generatorID>Gerado pelo usuário</generatorID>
<ownerDesignName>ACADEMIA_MODELO</ownerDesignName>
<engineerTo>
<item key="F20CE56D-E086-A2AE-A316-17F43A1A038C" value="true"/>
</engineerTo>
<nullsAllowed>true</nullsAllowed>
<useDomainConstraints>false</useDomainConstraints>
<use>1</use>
<logicalDatatype>LOGDT026</logicalDatatype>
<dataTypePrecision>5</dataTypePrecision>
<dataTypeScale>2</dataTypeScale>
</Attribute>
<Attribute name="IMAGEM" id="6E82F968-3D6B-57D8-951D-3AA09EFF9987">
<createdBy>Gabriel</createdBy>
<createdTime>2015-05-02 20:29:38 UTC</createdTime>
<comment>Imagem apontando para o local indicado para avaliação deste atributo. Com fundo transparente para exibir por cima da imagem do grupo a que este atributo pertence.</comment>
<generatorID>Gerado pelo usuário</generatorID>
<ownerDesignName>ACADEMIA_MODELO</ownerDesignName>
<engineerTo>
<item key="F20CE56D-E086-A2AE-A316-17F43A1A038C" value="true"/>
</engineerTo>
<nullsAllowed>true</nullsAllowed>
<useDomainConstraints>false</useDomainConstraints>
<use>1</use>
<logicalDatatype>LOGDT010</logicalDatatype>
</Attribute>
</attributes>
<identifiers itemClass="oracle.dbtools.crest.model.design.logical.CandidateKey">
<identifier id="81E2D623-318E-1D94-69F4-071658AEE483" name="AVALIACAO_ATRIBUTOS PK">
<createdBy>Gabriel</createdBy>
<createdTime>2015-05-02 19:54:57 UTC</createdTime>
<generatorID>Gerado pelo usuário</generatorID>
<ownerDesignName>ACADEMIA_MODELO</ownerDesignName>
<shouldEngineer>false</shouldEngineer>
<engineerTo>
<item key="F20CE56D-E086-A2AE-A316-17F43A1A038C" value="false"/>
</engineerTo>
<pk>true</pk>
<newElementsIDs>2EC989D0-8091-9D93-0A88-9F4D02485D46</newElementsIDs>
<usedAttributes>
<attributeRef>2EC989D0-8091-9D93-0A88-9F4D02485D46</attributeRef>
</usedAttributes>
</identifier>
</identifiers>
</Entity>