<?xml version = '1.0' encoding = 'UTF-8'?>
<Entity class="oracle.dbtools.crest.model.design.logical.Entity" directorySegmentName="seg_0" id="904EF7B5-1FBD-E70A-048D-ECC6F2DF8FB4" name="MATRICULA">
<createdBy>Thales</createdBy>
<createdTime>2015-04-20 21:29:57 UTC</createdTime>
<generatorID>Gerado pelo usuário</generatorID>
<ownerDesignName>ACADEMIA_MODELO</ownerDesignName>
<engineerTo>
<item key="F20CE56D-E086-A2AE-A316-17F43A1A038C" value="true"/>
</engineerTo>
<adequatelyNormalized>NO</adequatelyNormalized>
<expectedVolumes>0</expectedVolumes>
<fwdEngineeringStrategyName>Single Table</fwdEngineeringStrategyName>
<growthPercent>0</growthPercent>
<growthType>Year</growthType>
<maxVolumes>9999999</maxVolumes>
<minVolumes>0</minVolumes>
<normalForm>Third</normalForm>
<attributes itemClass="oracle.dbtools.crest.model.design.logical.Attribute">
<Attribute name="COD_MATRICULA" id="2CCE0385-00F9-D4C7-D45F-0A99825B1B9C">
<createdBy>Thales</createdBy>
<createdTime>2015-04-20 21:30:32 UTC</createdTime>
<generatorID>Gerado pelo usuário</generatorID>
<ownerDesignName>ACADEMIA_MODELO</ownerDesignName>
<engineerTo>
<item key="F20CE56D-E086-A2AE-A316-17F43A1A038C" value="true"/>
</engineerTo>
<useDomainConstraints>false</useDomainConstraints>
<use>1</use>
<logicalDatatype>LOGDT011</logicalDatatype>
</Attribute>
<Attribute name="COD_MAT_TITULAR" id="619A87F9-A563-065A-BD62-870AA7D4BF33">
<createdBy>Thales</createdBy>
<createdTime>2015-04-20 21:33:45 UTC</createdTime>
<generatorID>6FDDB958-40C4-5CDD-6F95-8C5CFD9D69F1</generatorID>
<ownerDesignName>ACADEMIA_MODELO</ownerDesignName>
<engineerTo>
<item key="F20CE56D-E086-A2AE-A316-17F43A1A038C" value="true"/>
</engineerTo>
<nullsAllowed>true</nullsAllowed>
<referedAttribute>2CCE0385-00F9-D4C7-D45F-0A99825B1B9C</referedAttribute>
<useDomainConstraints>false</useDomainConstraints>
<use>1</use>
<logicalDatatype>LOGDT011</logicalDatatype>
</Attribute>
<Attribute name="IND_ATIVO" id="B626FFD4-D8D4-E4BA-B413-66EA9976204A">
<createdBy>Thales</createdBy>
<createdTime>2015-04-20 21:31:50 UTC</createdTime>
<generatorID>Gerado pelo usuário</generatorID>
<ownerDesignName>ACADEMIA_MODELO</ownerDesignName>
<engineerTo>
<item key="F20CE56D-E086-A2AE-A316-17F43A1A038C" value="true"/>
</engineerTo>
<useDomainConstraints>false</useDomainConstraints>
<use>1</use>
<logicalDatatype>LOGDT006</logicalDatatype>
<dataTypeSize>1</dataTypeSize>
</Attribute>
<Attribute name="DT_INICIO" id="8F72AE97-C71D-6911-C222-1F017D0BE2BF">
<createdBy>Thales</createdBy>
<createdTime>2015-04-20 21:30:47 UTC</createdTime>
<generatorID>Gerado pelo usuário</generatorID>
<ownerDesignName>ACADEMIA_MODELO</ownerDesignName>
<engineerTo>
<item key="F20CE56D-E086-A2AE-A316-17F43A1A038C" value="true"/>
</engineerTo>
<useDomainConstraints>false</useDomainConstraints>
<use>1</use>
<logicalDatatype>LOGDT008</logicalDatatype>
</Attribute>
<Attribute name="DT_FIM" id="9974DACE-39DA-78C6-644E-0C14B82A55F5">
<createdBy>Thales</createdBy>
<createdTime>2015-04-20 21:31:01 UTC</createdTime>
<generatorID>Gerado pelo usuário</generatorID>
<ownerDesignName>ACADEMIA_MODELO</ownerDesignName>
<engineerTo>
<item key="F20CE56D-E086-A2AE-A316-17F43A1A038C" value="true"/>
</engineerTo>
<useDomainConstraints>false</useDomainConstraints>
<use>1</use>
<logicalDatatype>LOGDT008</logicalDatatype>
</Attribute>
<Attribute name="COD_ALUNO" id="2FC1B189-7FFF-F090-DEFE-0105A00201CC">
<createdBy>Gabriel</createdBy>
<createdTime>2015-05-03 20:22:26 UTC</createdTime>
<generatorID>ADDD1949-E5A4-95AB-FD5B-F3B71991EA7E</generatorID>
<ownerDesignName>ACADEMIA_MODELO</ownerDesignName>
<engineerTo>
<item key="F20CE56D-E086-A2AE-A316-17F43A1A038C" value="true"/>
</engineerTo>
<referedAttribute>56E1FD82-16DB-62C1-54D3-AA2C75690333</referedAttribute>
<useDomainConstraints>false</useDomainConstraints>
<use>1</use>
<logicalDatatype>LOGDT011</logicalDatatype>
</Attribute>
</attributes>
<identifiers itemClass="oracle.dbtools.crest.model.design.logical.CandidateKey">
<identifier id="1F229E91-7297-F1B4-B568-6427F3256D55" name="MATRICULA PK">
<createdBy>Thales</createdBy>
<createdTime>2015-04-20 21:30:41 UTC</createdTime>
<generatorID>Gerado pelo usuário</generatorID>
<ownerDesignName>ACADEMIA_MODELO</ownerDesignName>
<shouldEngineer>false</shouldEngineer>
<engineerTo>
<item key="F20CE56D-E086-A2AE-A316-17F43A1A038C" value="false"/>
</engineerTo>
<pk>true</pk>
<newElementsIDs>2CCE0385-00F9-D4C7-D45F-0A99825B1B9C</newElementsIDs>
<usedAttributes>
<attributeRef>2CCE0385-00F9-D4C7-D45F-0A99825B1B9C</attributeRef>
</usedAttributes>
</identifier>
</identifiers>
</Entity>