<?xml version = '1.0' encoding = 'UTF-8'?>
<Entity class="oracle.dbtools.crest.model.design.logical.Entity" directorySegmentName="seg_0" id="CAF8CB3F-FBF8-33A7-1DC5-C46C91526F94" name="DESPESA">
<createdBy>Thales</createdBy>
<createdTime>2015-05-04 23:29:26 UTC</createdTime>
<generatorID>Gerado pelo usuário</generatorID>
<ownerDesignName>ACADEMIA_MODELO</ownerDesignName>
<engineerTo>
<item key="F20CE56D-E086-A2AE-A316-17F43A1A038C" value="true"/>
</engineerTo>
<adequatelyNormalized>NO</adequatelyNormalized>
<expectedVolumes>0</expectedVolumes>
<fwdEngineeringStrategyName>Single Table</fwdEngineeringStrategyName>
<growthPercent>0</growthPercent>
<growthType>Year</growthType>
<maxVolumes>9999999</maxVolumes>
<minVolumes>0</minVolumes>
<normalForm>Third</normalForm>
<attributes itemClass="oracle.dbtools.crest.model.design.logical.Attribute">
<Attribute name="COD_DESPESA" id="329A6D59-93DE-A0E9-7F43-6D886344FA2D">
<createdBy>Thales</createdBy>
<createdTime>2015-05-04 23:29:41 UTC</createdTime>
<generatorID>Gerado pelo usuário</generatorID>
<ownerDesignName>ACADEMIA_MODELO</ownerDesignName>
<engineerTo>
<item key="F20CE56D-E086-A2AE-A316-17F43A1A038C" value="true"/>
</engineerTo>
<useDomainConstraints>false</useDomainConstraints>
<use>1</use>
<logicalDatatype>LOGDT011</logicalDatatype>
</Attribute>
<Attribute name="VALOR" id="F5D03923-7BC8-4915-A3A2-E6B3B6BE6103">
<createdBy>Thales</createdBy>
<createdTime>2015-05-04 23:29:52 UTC</createdTime>
<generatorID>Gerado pelo usuário</generatorID>
<ownerDesignName>ACADEMIA_MODELO</ownerDesignName>
<engineerTo>
<item key="F20CE56D-E086-A2AE-A316-17F43A1A038C" value="true"/>
</engineerTo>
<useDomainConstraints>false</useDomainConstraints>
<use>1</use>
<logicalDatatype>LOGDT026</logicalDatatype>
<dataTypePrecision>8</dataTypePrecision>
<dataTypeScale>2</dataTypeScale>
</Attribute>
<Attribute name="COD_TP_DESPESA" id="E3312752-E06D-3A37-ADD1-CD44A50D27A5">
<createdBy>Thales</createdBy>
<createdTime>2015-05-04 23:32:44 UTC</createdTime>
<generatorID>2490EEC9-F4F8-B8E7-0564-54FBA0F252B0</generatorID>
<ownerDesignName>ACADEMIA_MODELO</ownerDesignName>
<engineerTo>
<item key="F20CE56D-E086-A2AE-A316-17F43A1A038C" value="true"/>
</engineerTo>
<referedAttribute>916E9989-E5E4-BDE7-53CE-F77578DF9368</referedAttribute>
<useDomainConstraints>false</useDomainConstraints>
<use>1</use>
<logicalDatatype>LOGDT011</logicalDatatype>
</Attribute>
</attributes>
<identifiers itemClass="oracle.dbtools.crest.model.design.logical.CandidateKey">
<identifier id="AA5B8787-9D8F-89FD-34B7-9493E7650C11" name="DESPESA PK">
<createdBy>Thales</createdBy>
<createdTime>2015-05-04 23:29:49 UTC</createdTime>
<generatorID>Gerado pelo usuário</generatorID>
<ownerDesignName>ACADEMIA_MODELO</ownerDesignName>
<shouldEngineer>false</shouldEngineer>
<engineerTo>
<item key="F20CE56D-E086-A2AE-A316-17F43A1A038C" value="false"/>
</engineerTo>
<pk>true</pk>
<newElementsIDs>329A6D59-93DE-A0E9-7F43-6D886344FA2D</newElementsIDs>
<usedAttributes>
<attributeRef>329A6D59-93DE-A0E9-7F43-6D886344FA2D</attributeRef>
</usedAttributes>
</identifier>
</identifiers>
</Entity>