<?xml version = '1.0' encoding = 'UTF-8'?>
<Entity class="oracle.dbtools.crest.model.design.logical.Entity" directorySegmentName="seg_0" id="DC4363BC-9430-96CF-B124-4543326F00AF" name="PESQUISA_RESPOSTA_PERGUNTA">
<createdBy>Thales</createdBy>
<createdTime>2015-04-21 05:01:11 UTC</createdTime>
<generatorID>Gerado pelo usuário</generatorID>
<ownerDesignName>ACADEMIA_MODELO</ownerDesignName>
<engineerTo>
<item key="F20CE56D-E086-A2AE-A316-17F43A1A038C" value="true"/>
</engineerTo>
<adequatelyNormalized>NO</adequatelyNormalized>
<expectedVolumes>0</expectedVolumes>
<fwdEngineeringStrategyName>Single Table</fwdEngineeringStrategyName>
<growthPercent>0</growthPercent>
<growthType>Year</growthType>
<maxVolumes>9999999</maxVolumes>
<minVolumes>0</minVolumes>
<normalForm>Third</normalForm>
<attributes itemClass="oracle.dbtools.crest.model.design.logical.Attribute">
<Attribute name="COD_PERGUNTA" id="5D33988D-3D3E-D005-3484-0D7B43802939">
<createdBy>Thales</createdBy>
<createdTime>2015-04-22 14:06:36 UTC</createdTime>
<generatorID>42B63093-715D-A182-591A-E0EBCF913E9D</generatorID>
<ownerDesignName>ACADEMIA_MODELO</ownerDesignName>
<engineerTo>
<item key="F20CE56D-E086-A2AE-A316-17F43A1A038C" value="true"/>
</engineerTo>
<referedAttribute>BFB2E596-D900-91EE-1D13-11549182DA0D</referedAttribute>
<useDomainConstraints>false</useDomainConstraints>
<use>1</use>
<logicalDatatype>LOGDT011</logicalDatatype>
</Attribute>
<Attribute name="RESPOSTA" id="75D66B24-3123-7EC4-EDBA-6B3234A31242">
<createdBy>Thales</createdBy>
<createdTime>2015-04-21 05:01:50 UTC</createdTime>
<generatorID>Gerado pelo usuário</generatorID>
<ownerDesignName>ACADEMIA_MODELO</ownerDesignName>
<engineerTo>
<item key="F20CE56D-E086-A2AE-A316-17F43A1A038C" value="true"/>
</engineerTo>
<nullsAllowed>true</nullsAllowed>
<useDomainConstraints>false</useDomainConstraints>
<use>1</use>
<logicalDatatype>A3A3C77D-0366-9768-FF89-1C25E56881C8</logicalDatatype>
<dataTypeSize>500</dataTypeSize>
</Attribute>
<Attribute name="COD_PESSOA" id="0056A809-C8BD-459A-DDF8-53D4E4B2CF82">
<createdBy>Thales</createdBy>
<createdTime>2015-05-05 01:10:57 UTC</createdTime>
<generatorID>41269E22-07D1-5CFE-44A6-35F071701919</generatorID>
<ownerDesignName>ACADEMIA_MODELO</ownerDesignName>
<engineerTo>
<item key="F20CE56D-E086-A2AE-A316-17F43A1A038C" value="true"/>
</engineerTo>
<referedAttribute>56E1FD82-16DB-62C1-54D3-AA2C75690333</referedAttribute>
<useDomainConstraints>false</useDomainConstraints>
<use>1</use>
<logicalDatatype>LOGDT011</logicalDatatype>
</Attribute>
<Attribute name="DT_RESPOSTA" id="066B64A6-2EB2-C4EB-86AE-8997F2AFEF8C">
<createdBy>Thales</createdBy>
<createdTime>2015-05-05 01:13:04 UTC</createdTime>
<generatorID>Gerado pelo usuário</generatorID>
<ownerDesignName>ACADEMIA_MODELO</ownerDesignName>
<engineerTo>
<item key="F20CE56D-E086-A2AE-A316-17F43A1A038C" value="true"/>
</engineerTo>
<nullsAllowed>true</nullsAllowed>
<useDomainConstraints>false</useDomainConstraints>
<use>1</use>
<logicalDatatype>LOGDT008</logicalDatatype>
</Attribute>
</attributes>
</Entity>