<?xml version = '1.0' encoding = 'UTF-8'?>
<Entity class="oracle.dbtools.crest.model.design.logical.Entity" directorySegmentName="seg_0" id="ECD02B41-A393-2101-C89A-E94A5F71F364" name="PESSOA">
<createdBy>Thales</createdBy>
<createdTime>2015-04-20 19:57:33 UTC</createdTime>
<generatorID>Gerado pelo usuário</generatorID>
<ownerDesignName>ACADEMIA_MODELO</ownerDesignName>
<engineerTo>
<item key="F20CE56D-E086-A2AE-A316-17F43A1A038C" value="true"/>
</engineerTo>
<adequatelyNormalized>NO</adequatelyNormalized>
<expectedVolumes>0</expectedVolumes>
<fwdEngineeringStrategyName>Single Table</fwdEngineeringStrategyName>
<growthPercent>0</growthPercent>
<growthType>Year</growthType>
<maxVolumes>9999999</maxVolumes>
<minVolumes>0</minVolumes>
<normalForm>Third</normalForm>
<attributes itemClass="oracle.dbtools.crest.model.design.logical.Attribute">
<Attribute name="COD_PESSOA" id="56E1FD82-16DB-62C1-54D3-AA2C75690333">
<createdBy>Thales</createdBy>
<createdTime>2015-04-20 20:04:24 UTC</createdTime>
<generatorID>Gerado pelo usuário</generatorID>
<ownerDesignName>ACADEMIA_MODELO</ownerDesignName>
<engineerTo>
<item key="F20CE56D-E086-A2AE-A316-17F43A1A038C" value="true"/>
</engineerTo>
<useDomainConstraints>false</useDomainConstraints>
<use>1</use>
<logicalDatatype>LOGDT011</logicalDatatype>
</Attribute>
<Attribute name="NOME" id="B64EA6F8-4E22-322A-07BC-0B2268BED97B">
<createdBy>Thales</createdBy>
<createdTime>2015-04-20 20:23:47 UTC</createdTime>
<generatorID>Gerado pelo usuário</generatorID>
<ownerDesignName>ACADEMIA_MODELO</ownerDesignName>
<engineerTo>
<item key="F20CE56D-E086-A2AE-A316-17F43A1A038C" value="true"/>
</engineerTo>
<nullsAllowed>true</nullsAllowed>
<useDomainConstraints>false</useDomainConstraints>
<use>1</use>
<logicalDatatype>A3A3C77D-0366-9768-FF89-1C25E56881C8</logicalDatatype>
<dataTypeSize>100</dataTypeSize>
</Attribute>
<Attribute name="CEP" id="28F07C2F-74F0-07D9-3ED2-BACA694E441A">
<createdBy>Thales</createdBy>
<createdTime>2015-04-20 20:23:00 UTC</createdTime>
<generatorID>Gerado pelo usuário</generatorID>
<ownerDesignName>ACADEMIA_MODELO</ownerDesignName>
<engineerTo>
<item key="F20CE56D-E086-A2AE-A316-17F43A1A038C" value="true"/>
</engineerTo>
<nullsAllowed>true</nullsAllowed>
<useDomainConstraints>false</useDomainConstraints>
<use>1</use>
<logicalDatatype>A3A3C77D-0366-9768-FF89-1C25E56881C8</logicalDatatype>
<dataTypeSize>8</dataTypeSize>
</Attribute>
<Attribute name="BAIRRO" id="34E86C1B-D206-6951-A85C-05ED50FC68C5">
<createdBy>Thales</createdBy>
<createdTime>2015-04-20 20:23:10 UTC</createdTime>
<generatorID>Gerado pelo usuário</generatorID>
<ownerDesignName>ACADEMIA_MODELO</ownerDesignName>
<engineerTo>
<item key="F20CE56D-E086-A2AE-A316-17F43A1A038C" value="true"/>
</engineerTo>
<nullsAllowed>true</nullsAllowed>
<useDomainConstraints>false</useDomainConstraints>
<use>1</use>
<logicalDatatype>A3A3C77D-0366-9768-FF89-1C25E56881C8</logicalDatatype>
<dataTypeSize>100</dataTypeSize>
</Attribute>
<Attribute name="COD_CIDADE" id="23EAC61E-43E1-8A09-CD13-4078456BFD96">
<createdBy>Thales</createdBy>
<createdTime>2015-04-20 19:57:54 UTC</createdTime>
<generatorID>DEF0A8FD-2FA2-3DC0-E7A6-769849C5E6BC</generatorID>
<ownerDesignName>ACADEMIA_MODELO</ownerDesignName>
<engineerTo>
<item key="F20CE56D-E086-A2AE-A316-17F43A1A038C" value="true"/>
</engineerTo>
<referedAttribute>FE39B22B-7CC5-B920-F017-2C4C426FC752</referedAttribute>
<useDomainConstraints>false</useDomainConstraints>
<use>1</use>
<logicalDatatype>LOGDT011</logicalDatatype>
</Attribute>
<Attribute name="COD_TP_LOGRADOURO" id="A20429FC-5EAC-19A8-1FE0-9E3A14EBF83C">
<createdBy>Thales</createdBy>
<createdTime>2015-04-20 20:15:34 UTC</createdTime>
<generatorID>17A1F39A-A9FF-DA33-F1D0-39B79E712628</generatorID>
<ownerDesignName>ACADEMIA_MODELO</ownerDesignName>
<engineerTo>
<item key="F20CE56D-E086-A2AE-A316-17F43A1A038C" value="true"/>
</engineerTo>
<referedAttribute>B01B9F98-4472-BD06-EC6F-11728BA0F410</referedAttribute>
<useDomainConstraints>false</useDomainConstraints>
<use>1</use>
<logicalDatatype>LOGDT011</logicalDatatype>
</Attribute>
<Attribute name="LOGRADOURO" id="BC1D1284-AA8F-B64F-8931-7A5CAFA6986B">
<createdBy>Thales</createdBy>
<createdTime>2015-04-20 20:22:10 UTC</createdTime>
<generatorID>Gerado pelo usuário</generatorID>
<ownerDesignName>ACADEMIA_MODELO</ownerDesignName>
<engineerTo>
<item key="F20CE56D-E086-A2AE-A316-17F43A1A038C" value="true"/>
</engineerTo>
<nullsAllowed>true</nullsAllowed>
<useDomainConstraints>false</useDomainConstraints>
<use>1</use>
<logicalDatatype>A3A3C77D-0366-9768-FF89-1C25E56881C8</logicalDatatype>
<dataTypeSize>300</dataTypeSize>
</Attribute>
<Attribute name="NUMERO" id="E0B843EA-8B1C-8595-85EF-296AC741DBF2">
<createdBy>Thales</createdBy>
<createdTime>2015-04-20 20:22:28 UTC</createdTime>
<generatorID>Gerado pelo usuário</generatorID>
<ownerDesignName>ACADEMIA_MODELO</ownerDesignName>
<engineerTo>
<item key="F20CE56D-E086-A2AE-A316-17F43A1A038C" value="true"/>
</engineerTo>
<nullsAllowed>true</nullsAllowed>
<useDomainConstraints>false</useDomainConstraints>
<use>1</use>
<logicalDatatype>LOGDT011</logicalDatatype>
</Attribute>
<Attribute name="COMPLEMENTO" id="80F21B3D-7032-81C0-E977-4FC71BA7CFE5">
<createdBy>Thales</createdBy>
<createdTime>2015-04-20 20:22:40 UTC</createdTime>
<generatorID>Gerado pelo usuário</generatorID>
<ownerDesignName>ACADEMIA_MODELO</ownerDesignName>
<engineerTo>
<item key="F20CE56D-E086-A2AE-A316-17F43A1A038C" value="true"/>
</engineerTo>
<nullsAllowed>true</nullsAllowed>
<useDomainConstraints>false</useDomainConstraints>
<use>1</use>
<logicalDatatype>A3A3C77D-0366-9768-FF89-1C25E56881C8</logicalDatatype>
<dataTypeSize>100</dataTypeSize>
</Attribute>
<Attribute name="EMAIL" id="4F444E51-2961-97D4-90E0-46617D7AC3AC">
<createdBy>Thales</createdBy>
<createdTime>2015-04-20 20:23:26 UTC</createdTime>
<generatorID>Gerado pelo usuário</generatorID>
<ownerDesignName>ACADEMIA_MODELO</ownerDesignName>
<engineerTo>
<item key="F20CE56D-E086-A2AE-A316-17F43A1A038C" value="true"/>
</engineerTo>
<nullsAllowed>true</nullsAllowed>
<useDomainConstraints>false</useDomainConstraints>
<use>1</use>
<logicalDatatype>A3A3C77D-0366-9768-FF89-1C25E56881C8</logicalDatatype>
<dataTypeSize>250</dataTypeSize>
</Attribute>
<Attribute name="FOTO" id="3560A88D-B56B-E1B8-925E-992280CF5376">
<createdBy>Gabriel</createdBy>
<createdTime>2015-05-04 01:05:15 UTC</createdTime>
<generatorID>Gerado pelo usuário</generatorID>
<ownerDesignName>ACADEMIA_MODELO</ownerDesignName>
<engineerTo>
<item key="F20CE56D-E086-A2AE-A316-17F43A1A038C" value="true"/>
</engineerTo>
<nullsAllowed>true</nullsAllowed>
<useDomainConstraints>false</useDomainConstraints>
<use>1</use>
<logicalDatatype>LOGDT010</logicalDatatype>
</Attribute>
</attributes>
<identifiers itemClass="oracle.dbtools.crest.model.design.logical.CandidateKey">
<identifier id="2D726714-C832-1F52-ACBF-9BB1109CD896" name="PESSOA PK">
<createdBy>Thales</createdBy>
<createdTime>2015-04-20 19:57:54 UTC</createdTime>
<generatorID>Gerado pelo usuário</generatorID>
<ownerDesignName>ACADEMIA_MODELO</ownerDesignName>
<shouldEngineer>false</shouldEngineer>
<engineerTo>
<item key="F20CE56D-E086-A2AE-A316-17F43A1A038C" value="false"/>
</engineerTo>
<pk>true</pk>
<newElementsIDs>56E1FD82-16DB-62C1-54D3-AA2C75690333</newElementsIDs>
<usedAttributes>
<attributeRef>56E1FD82-16DB-62C1-54D3-AA2C75690333</attributeRef>
</usedAttributes>
</identifier>
</identifiers>
</Entity>