<?xml version = '1.0' encoding = 'UTF-8'?>
<Entity class="oracle.dbtools.crest.model.design.logical.Entity" directorySegmentName="seg_0" id="F413A290-52EA-E87A-BE08-3B7A80794508" name="TURNO">
<createdBy>Gabriel</createdBy>
<createdTime>2015-04-25 22:55:31 UTC</createdTime>
<generatorID>Gerado pelo usuário</generatorID>
<ownerDesignName>ACADEMIA_MODELO</ownerDesignName>
<engineerTo>
<item key="F20CE56D-E086-A2AE-A316-17F43A1A038C" value="true"/>
</engineerTo>
<adequatelyNormalized>NO</adequatelyNormalized>
<expectedVolumes>0</expectedVolumes>
<fwdEngineeringStrategyName>Single Table</fwdEngineeringStrategyName>
<growthPercent>0</growthPercent>
<growthType>Year</growthType>
<maxVolumes>9999999</maxVolumes>
<minVolumes>0</minVolumes>
<normalForm>Third</normalForm>
<attributes itemClass="oracle.dbtools.crest.model.design.logical.Attribute">
<Attribute name="COD_TURNO" id="ADFB6E6E-B7A8-1052-B4A0-4381ECB1A36E">
<createdBy>Gabriel</createdBy>
<createdTime>2015-04-25 22:55:38 UTC</createdTime>
<generatorID>Gerado pelo usuário</generatorID>
<ownerDesignName>ACADEMIA_MODELO</ownerDesignName>
<engineerTo>
<item key="F20CE56D-E086-A2AE-A316-17F43A1A038C" value="true"/>
</engineerTo>
<useDomainConstraints>false</useDomainConstraints>
<use>1</use>
<logicalDatatype>LOGDT011</logicalDatatype>
</Attribute>
<Attribute name="HORA_INICIO" id="47D893A1-8D1D-7A58-2013-62AEE3F7F13C">
<createdBy>Gabriel</createdBy>
<createdTime>2015-04-25 22:55:51 UTC</createdTime>
<comment>Horário de inicio do turno</comment>
<generatorID>Gerado pelo usuário</generatorID>
<ownerDesignName>ACADEMIA_MODELO</ownerDesignName>
<engineerTo>
<item key="F20CE56D-E086-A2AE-A316-17F43A1A038C" value="true"/>
</engineerTo>
<nullsAllowed>true</nullsAllowed>
<useDomainConstraints>false</useDomainConstraints>
<use>1</use>
<logicalDatatype>LOGDT014</logicalDatatype>
</Attribute>
<Attribute name="HORA_FIM" id="2E715A29-6D3D-3F5A-25C5-27B0AB3D14AB">
<createdBy>Gabriel</createdBy>
<createdTime>2015-04-25 22:56:24 UTC</createdTime>
<comment>Horário de fim do turno</comment>
<generatorID>Gerado pelo usuário</generatorID>
<ownerDesignName>ACADEMIA_MODELO</ownerDesignName>
<engineerTo>
<item key="F20CE56D-E086-A2AE-A316-17F43A1A038C" value="true"/>
</engineerTo>
<nullsAllowed>true</nullsAllowed>
<useDomainConstraints>false</useDomainConstraints>
<use>1</use>
<logicalDatatype>LOGDT014</logicalDatatype>
</Attribute>
</attributes>
<identifiers itemClass="oracle.dbtools.crest.model.design.logical.CandidateKey">
<identifier id="C90CBCA8-0376-6411-2075-B58A4C994568" name="TURNO PK">
<createdBy>Gabriel</createdBy>
<createdTime>2015-04-25 22:55:49 UTC</createdTime>
<generatorID>Gerado pelo usuário</generatorID>
<ownerDesignName>ACADEMIA_MODELO</ownerDesignName>
<shouldEngineer>false</shouldEngineer>
<engineerTo>
<item key="F20CE56D-E086-A2AE-A316-17F43A1A038C" value="false"/>
</engineerTo>
<pk>true</pk>
<newElementsIDs>ADFB6E6E-B7A8-1052-B4A0-4381ECB1A36E</newElementsIDs>
<usedAttributes>
<attributeRef>ADFB6E6E-B7A8-1052-B4A0-4381ECB1A36E</attributeRef>
</usedAttributes>
</identifier>
</identifiers>
</Entity>