<?xml version = '1.0' encoding = 'UTF-8'?>
<Table class="oracle.dbtools.crest.model.design.relational.Table" directorySegmentName="seg_0" id="3F2916C0-F08D-F89E-3381-DD568FD79EA0" name="PLANO_VALOR">
<createdBy>Gabriel</createdBy>
<createdTime>2015-05-06 03:25:24 UTC</createdTime>
<generatorID>16D2C58A-157F-ED88-E265-72F5DFBB3FE7</generatorID>
<ownerDesignName>ACADEMIA_MODELO</ownerDesignName>
<allowColumnReorder>false</allowColumnReorder>
<existDependencyGenerateInDDl>true</existDependencyGenerateInDDl>
<columns itemClass="oracle.dbtools.crest.model.design.relational.Column">
<Column name="COD_PLANO_VALOR" id="4370508E-6E6C-6E2C-B8E8-7B6C604094F0">
<createdBy>Gabriel</createdBy>
<createdTime>2015-05-06 03:25:24 UTC</createdTime>
<generatorID>E5AA69BA-CDEB-B8C5-63C0-16D994C42D06</generatorID>
<ownerDesignName>ACADEMIA_MODELO</ownerDesignName>
<useDomainConstraints>false</useDomainConstraints>
<use>1</use>
<logicalDatatype>LOGDT011</logicalDatatype>
<autoIncrementCycle>false</autoIncrementCycle>
</Column>
<Column name="VALOR" id="202BFA8D-FAF5-9841-4604-D8D609293E23">
<createdBy>Gabriel</createdBy>
<createdTime>2015-05-06 03:25:24 UTC</createdTime>
<generatorID>0D5A50C7-3A78-E4AB-3D8F-E2D44471CC4F</generatorID>
<ownerDesignName>ACADEMIA_MODELO</ownerDesignName>
<useDomainConstraints>false</useDomainConstraints>
<use>1</use>
<logicalDatatype>LOGDT026</logicalDatatype>
<dataTypePrecision>8</dataTypePrecision>
<dataTypeScale>2</dataTypeScale>
<autoIncrementCycle>false</autoIncrementCycle>
</Column>
<Column name="DT_INICIO" id="AF2527E6-8717-4199-285D-590C7E942DAF">
<createdBy>Gabriel</createdBy>
<createdTime>2015-05-06 03:25:24 UTC</createdTime>
<generatorID>8BF4B4CB-BEEB-2993-3BD6-B5CFB3B55464</generatorID>
<ownerDesignName>ACADEMIA_MODELO</ownerDesignName>
<useDomainConstraints>false</useDomainConstraints>
<use>1</use>
<logicalDatatype>LOGDT008</logicalDatatype>
<autoIncrementCycle>false</autoIncrementCycle>
</Column>
<Column name="DT_FIM" id="D892AFDC-D1B5-A97E-4AF1-56A2065D8807">
<createdBy>Gabriel</createdBy>
<createdTime>2015-05-06 03:25:24 UTC</createdTime>
<generatorID>B763E490-733E-D98C-495E-8DFDBECA2E32</generatorID>
<ownerDesignName>ACADEMIA_MODELO</ownerDesignName>
<useDomainConstraints>false</useDomainConstraints>
<use>1</use>
<logicalDatatype>LOGDT008</logicalDatatype>
<autoIncrementCycle>false</autoIncrementCycle>
</Column>
<Column name="FAIXA_ETARIA_COD_FAIXA_ETARIA" id="E72E8783-CF09-33F2-3CF9-4CCA5C11774C">
<createdBy>Gabriel</createdBy>
<createdTime>2015-05-06 03:25:24 UTC</createdTime>
<generatorID>5D8BB3C8-6E44-EDCC-71D4-8346914AD6C5</generatorID>
<ownerDesignName>ACADEMIA_MODELO</ownerDesignName>
<nullsAllowed>true</nullsAllowed>
<useDomainConstraints>false</useDomainConstraints>
<use>1</use>
<logicalDatatype>LOGDT011</logicalDatatype>
<delegate>CA99E58E-CE9D-D04D-019B-0C63A51DC1C6</delegate>
<previousColumn>false</previousColumn>
<autoIncrementCycle>false</autoIncrementCycle>
<associations>
<colAssociation fkAssociation="CEE5F930-B4CC-7758-3E15-7C488654DBC4" referredColumn="CA99E58E-CE9D-D04D-019B-0C63A51DC1C6"/>
</associations>
</Column>
</columns>
<indexes itemClass="oracle.dbtools.crest.model.design.relational.Index">
<ind_PK_UK id="7C94537E-B1EC-8AAE-8894-FFBCEC61FA5D" name="PLANO_VALOR_PK">
<createdBy>Gabriel</createdBy>
<createdTime>2015-05-06 03:25:24 UTC</createdTime>
<generatorID>5BBB62C2-1769-5618-FC94-10BD0E9F1FEB</generatorID>
<ownerDesignName>ACADEMIA_MODELO</ownerDesignName>
<pk>true</pk>
<indexState>Primary Constraint</indexState>
<isSurrogateKey>false</isSurrogateKey>
<indexColumnUsage>
<colUsage columnID="4370508E-6E6C-6E2C-B8E8-7B6C604094F0"/>
</indexColumnUsage>
</ind_PK_UK>
<ind_PK_UK id="E2FBFF83-C976-3E81-CC1A-1E1AF9A60406" name="PLANO_VALOR_FAIXA_ETARIA_FK">
<createdBy>Gabriel</createdBy>
<createdTime>2015-05-06 03:25:25 UTC</createdTime>
<generatorID>0CD6DDB7-A270-0BCD-541A-023F2C9328FE</generatorID>
<ownerDesignName>ACADEMIA_MODELO</ownerDesignName>
<indexState>Foreign Key</indexState>
<isSurrogateKey>false</isSurrogateKey>
<indexColumnUsage>
<colUsage columnID="E72E8783-CF09-33F2-3CF9-4CCA5C11774C"/>
</indexColumnUsage>
</ind_PK_UK>
</indexes>
</Table>