<?xml version = '1.0' encoding = 'UTF-8'?>
<Table class="oracle.dbtools.crest.model.design.relational.Table" directorySegmentName="seg_0" id="7534638A-38FA-FCE9-8C2B-F6A7604D88EE" name="FORNCEDOR">
<createdBy>Gabriel</createdBy>
<createdTime>2015-05-06 03:25:24 UTC</createdTime>
<generatorID>3F75154B-E4A2-C5BC-2D25-A905FC4119CF</generatorID>
<ownerDesignName>ACADEMIA_MODELO</ownerDesignName>
<allowColumnReorder>false</allowColumnReorder>
<existDependencyGenerateInDDl>true</existDependencyGenerateInDDl>
<columns itemClass="oracle.dbtools.crest.model.design.relational.Column">
<Column name="COD_PESSOA" id="245A53C9-B5CA-CDDF-6B49-5995423C5F58">
<createdBy>Gabriel</createdBy>
<createdTime>2015-05-06 03:25:24 UTC</createdTime>
<generatorID>56E1FD82-16DB-62C1-54D3-AA2C75690333</generatorID>
<ownerDesignName>ACADEMIA_MODELO</ownerDesignName>
<useDomainConstraints>false</useDomainConstraints>
<use>1</use>
<logicalDatatype>LOGDT011</logicalDatatype>
<delegate>35B8AB6C-9BA0-3097-129D-EAA65C98968C</delegate>
<autoIncrementCycle>false</autoIncrementCycle>
<associations>
<colAssociation fkAssociation="D3E9BDAA-5ED4-996B-34CD-1269D834F92B" referredColumn="35B8AB6C-9BA0-3097-129D-EAA65C98968C"/>
</associations>
</Column>
<Column name="COD_FORNCEDOR" id="1DF23061-C87F-7CD8-E2F7-0A2DF76D80E4">
<createdBy>Gabriel</createdBy>
<createdTime>2015-05-06 03:25:24 UTC</createdTime>
<generatorID>5446D019-A30E-672C-1110-57CA6E1E9998</generatorID>
<ownerDesignName>ACADEMIA_MODELO</ownerDesignName>
<useDomainConstraints>false</useDomainConstraints>
<use>1</use>
<logicalDatatype>LOGDT011</logicalDatatype>
<autoIncrementCycle>false</autoIncrementCycle>
</Column>
<Column name="NOME" id="64EA2A8A-35F2-1ECA-0C08-5A45777FFC35">
<createdBy>Gabriel</createdBy>
<createdTime>2015-05-06 03:25:24 UTC</createdTime>
<generatorID>98707529-9FC0-F5F3-E25C-E4331F9C8360</generatorID>
<ownerDesignName>ACADEMIA_MODELO</ownerDesignName>
<nullsAllowed>true</nullsAllowed>
<useDomainConstraints>false</useDomainConstraints>
<use>1</use>
<logicalDatatype>A3A3C77D-0366-9768-FF89-1C25E56881C8</logicalDatatype>
<dataTypeSize>100</dataTypeSize>
<autoIncrementCycle>false</autoIncrementCycle>
</Column>
<Column name="REPRESENTANTE_VENDA" id="C2F8C718-7535-5463-B488-9FA12DD5BFEE">
<createdBy>Gabriel</createdBy>
<createdTime>2015-05-06 03:25:24 UTC</createdTime>
<generatorID>DB16D148-DF68-B439-76C4-328A23D4CC12</generatorID>
<ownerDesignName>ACADEMIA_MODELO</ownerDesignName>
<nullsAllowed>true</nullsAllowed>
<useDomainConstraints>false</useDomainConstraints>
<use>1</use>
<logicalDatatype>A3A3C77D-0366-9768-FF89-1C25E56881C8</logicalDatatype>
<dataTypeSize>100</dataTypeSize>
<autoIncrementCycle>false</autoIncrementCycle>
</Column>
<Column name="EMAIL" id="2C79D340-5335-EBA0-089C-3E717B6666BD">
<createdBy>Gabriel</createdBy>
<createdTime>2015-05-06 03:25:24 UTC</createdTime>
<generatorID>71A13578-8F48-C54A-A2A5-EF66A95D6AE7</generatorID>
<ownerDesignName>ACADEMIA_MODELO</ownerDesignName>
<nullsAllowed>true</nullsAllowed>
<useDomainConstraints>false</useDomainConstraints>
<use>1</use>
<logicalDatatype>A3A3C77D-0366-9768-FF89-1C25E56881C8</logicalDatatype>
<dataTypeSize>100</dataTypeSize>
<autoIncrementCycle>false</autoIncrementCycle>
</Column>
<Column name="TELEFONE_CONTATO" id="1A69AEC3-9103-5DB4-CC2D-A3DFC545ED3E">
<createdBy>Gabriel</createdBy>
<createdTime>2015-05-06 03:25:24 UTC</createdTime>
<generatorID>6F0ABAD2-FAAB-8E9D-F6BB-6063FD3E86BC</generatorID>
<ownerDesignName>ACADEMIA_MODELO</ownerDesignName>
<nullsAllowed>true</nullsAllowed>
<useDomainConstraints>false</useDomainConstraints>
<use>1</use>
<logicalDatatype>A3A3C77D-0366-9768-FF89-1C25E56881C8</logicalDatatype>
<dataTypeSize>20</dataTypeSize>
<autoIncrementCycle>false</autoIncrementCycle>
</Column>
</columns>
<indexes itemClass="oracle.dbtools.crest.model.design.relational.Index">
<ind_PK_UK id="25AD8E35-BB27-47D5-6EF4-F44FD71E44BA" name="FORNCEDOR_PK">
<createdBy>Gabriel</createdBy>
<createdTime>2015-05-06 03:25:24 UTC</createdTime>
<generatorID>2D726714-C832-1F52-ACBF-9BB1109CD896</generatorID>
<ownerDesignName>ACADEMIA_MODELO</ownerDesignName>
<pk>true</pk>
<indexState>Primary Constraint</indexState>
<isSurrogateKey>false</isSurrogateKey>
<indexColumnUsage>
<colUsage columnID="245A53C9-B5CA-CDDF-6B49-5995423C5F58"/>
</indexColumnUsage>
</ind_PK_UK>
<ind_PK_UK id="A7F5018B-9251-0C1A-44B5-70B1296F2079" name="FORNCEDOR_PKv2">
<createdBy>Gabriel</createdBy>
<createdTime>2015-05-06 03:25:24 UTC</createdTime>
<generatorID>288822F5-9356-DC08-031A-036F915098EC</generatorID>
<ownerDesignName>ACADEMIA_MODELO</ownerDesignName>
<indexState>Unique Constraint</indexState>
<isSurrogateKey>false</isSurrogateKey>
<indexColumnUsage>
<colUsage columnID="1DF23061-C87F-7CD8-E2F7-0A2DF76D80E4"/>
</indexColumnUsage>
</ind_PK_UK>
<ind_PK_UK id="62462BA6-AEE8-E9AE-E1DA-FAD845C0E80C" name="FORNCEDOR_PESSOA_JURIDICA_FK">
<createdBy>Gabriel</createdBy>
<createdTime>2015-05-06 03:25:24 UTC</createdTime>
<generatorID>7861EAEE-ACAD-92ED-3286-6A572C7085F5</generatorID>
<ownerDesignName>ACADEMIA_MODELO</ownerDesignName>
<indexState>Foreign Key</indexState>
<isSurrogateKey>false</isSurrogateKey>
<indexColumnUsage>
<colUsage columnID="245A53C9-B5CA-CDDF-6B49-5995423C5F58"/>
</indexColumnUsage>
</ind_PK_UK>
</indexes>
</Table>