<?xml version = '1.0' encoding = 'UTF-8'?>
<FKArc class="oracle.dbtools.crest.model.design.relational.FKArc" directorySegmentName="seg_0" id="6C63F98D-9E4A-CB8F-B465-257338FD671A" name="FKArc_3">
<createdBy>Gabriel</createdBy>
<createdTime>2015-05-06 03:25:24 UTC</createdTime>
<generatorID>Gerado pelo usuário</generatorID>
<ownerDesignName>ACADEMIA_MODELO</ownerDesignName>
<mandatory>false</mandatory>
<reverseArc>true</reverseArc>
<table>E5034F3D-C81B-A54C-842C-427043D6671A</table>
<fkeys>
<fkeyID>454C9DAC-6164-E02D-56BF-A31FF7646E19</fkeyID>
<fkeyID>AE2212B2-C6DD-C647-D066-BC93F55DB81B</fkeyID>
</fkeys>
</FKArc>